user_id,model2
1,[ 940947  995242 1005186  840361 1082212]
2,[ 861272  901062 1133018 1106523  916122]
3,[1053690 1092026  951590 9527494  910032]
6,[1119051 1037863 1024306  845208  900802]
7,[1122358 1022003 1126899 1110572 1013321]
8,[1005186 1116578  872137  893501 1127624]
9,[1029743  962568  962229 1043301 1051323]
10,[1113588  868764 1106523 1041259  819978]
13,[ 860975 6534178 1029743 6544236 1132771]
14,[ 981760 1022003 1022872  995242 1065593]
15,[1070820  845208 1029743  995242 1082185]
16,[  866227  6410462 12263788  1082185]
18,[6533889 1116821  826249  951412  847270]
19,[ 962229  879755 1033615 1070015  844165]
20,[1075368 1126899 1058997 8090536  865330]
21,[ 839849  896369 1029743 1116821  853904]
22,[1070820  944836 1082185  835098 6534178]
23,[1075368  981760  995785 1070820 1082185]
24,[1036501  844165  926905 1092026  983584]
25,[ 861272 5568378 1065593  995242  847270]
26,[985119 849843 907014 895540 857849]
27,[7441391  918733  949616  878302 1077555]
28,[1005186  940947  926646  916122  951412]
29,[ 868764  872137  844165  827180 1092026]
30,[1003600 1051516 1022254  859075 1043301]
31,[1040807  971922 1070820  909714  901062]
32,[1055853  901062  862349 1002558 9445919]
33,[ 871756 1005186 1106523  832678 6533765]
34,[1123792 1044078  879755  993638]
35,[1076875 1053690 1126899 1058997]
36,[ 962229 5587133 1029743 1024306  995242]
37,[1097001  844165 1053690  916381 1092026]
39,[1126899  857503  923746 1082185  897125]
40,[1056651  903325 1037863 6534178  840361]
41,[ 909714 1126899  913210 1044805  976998]
42,[ 976998 6602697  981760 1082185 7441391]
43,[1056651 1120741  844165  874736  879755]
46,[ 999104 1082212  909714 1006184 1029743]
47,[1005186  883932 1003188 1022003]
49,[5569471 1070820  962229 6534178 1027168]
50,[1005186 1091365  908531  873627 1023958]
51,[ 962229 1110572  965766  893018 1012587]
52,[1053690 1116821  857503 1119051 1133018]
53,[5569471 6034857 1105623  953476  847270]
55,[844165 849843 995242]
56,[1058997 1056651  940947  832678  908531]
57,[ 986912 6534178  879755  878302]
58,[1095275 1058997 1070820  862349 6534178]
59,[ 847789 1053690 1056509  957951 1057260]
62,[1082185 6534178 1029743  995242 1106523]
63,[ 856772  834117  937571 1068719 1082185]
64,[ 894236  976998 1065593  862349  918733]
65,[1070820  962229  986912 1085604  965766]
67,[971922 933835 833025 951590 953476]
68,[1085604  879755 1080414 1037894 1101010]
69,[ 951590 1033615  985119 1053763  824555]
70,[1039156  894236 1055863 1124729]
71,[1056509  908531 1132280  834484  914190]
72,[5585510  860776  870780  914190  866227]
75,[ 480014 1082185 6534178 1029743  995242]
77,[1126899 1106523 1003188  857503  901062]
78,[ 849843 8205218  896369 1003188  835098]
79,[1070015 6533889 1053690 1005186 1082185]
80,[1039156 1005186  909894  995242 1003188]
81,[ 844165  999971  971922  909894 1096036]
82,[ 880150 1000753 5569230  831628  863447]
83,[1005186  923746 1041259 5592931  900802]
84,[1080414 5569374  862732  951590  944139]
85,[1068719 1075368  986912 1005186  826249]
86,[ 951590  854852 1048462 1039156 1091365]
87,[ 979707  900802 1037863  845208]
88,[1075368 8090521  962229  893018  953476]
90,[1070820 6533889  986912 1068719 1082185]
91,[1056651 6534178 1029743 1075368  916993]
92,[834484 860776 962568 923746 820165]
94,[ 976199  979707 6534178 1082185]
95,[ 849843  908531  995242 1029743  821083]
97,[1075368  995242  844165 6534178 6034857]
98,[ 862349 1077975  878302 1134522 1065593]
99,[ 821083  970119 5584027 6034857  908531]
100,[ 831536  893501  885290 1053690 6534178]
101,[6533765  866227 1106523 6534178  925626]
103,[1106523 1080414 1045220 1043590]
104,[ 933835  919534  838186 5569327 5569230]
105,[1005186 1004906  907014  923746  995242]
106,[6534178 5569230  999104 8090532]
107,[1053690  827180  882441 1120741  899624]
109,[1058997  989101 1051516  880150  835098]
110,[ 860975 1133018 1070015  927191  995785]
111,[1106523  989101 1077555 1133018]
112,[6534178 1039156 1005186 5569845]
113,[1070820  862349  976199 6534178 1095275]
114,[1029743  989101  873627  861272]
115,[ 983584  862349  908531  832678 6534178]
116,[1133018  849843  976199  914190  847270]
117,[1056651  862349  901062 1022254  951590]
118,[1058997  849843  893018 1116821  896369]
119,[ 908531  940947  820165  823704 1105488]
121,[6533765 1033615 1039156 1070015 1075470]
122,[ 940947 1027569  914190  827180 1110572]
123,[1056509  890610  849843  826249  973861]
124,[1037840  833025  883404  870547]
125,[ 844165  868764 1107553 6534178  834117]
126,[ 844165  868764 1132770 1102949  903325]
127,[1075368 1026118  854852  983584  865456]
128,[1051516 6534166 1003188 1037863  883963]
131,[1082185  981944 1055646  995242  990797]
132,[1110572  854852 1126899 1096036  860776]
133,[1003600  995242  866211  962568  866227]
134,[ 913210 5569845 1101010 5569230 1051323]
135,[862349 861272 866227 919534 907014]
136,[8090521 8090537 1096036 1106523 5569230]
138,[ 862349  995785  970030 1051516 1033142]
139,[1058997  879755 1107553  909894 1082185]
140,[ 879755 1037840 1065593 1075368 8090521]
141,[1043301  968215 6534166 1023720  834484]
142,[1082212 1074524  990797 5569327 1070015]
143,[ 844165  995242 1130858  909894 5569230]
146,[ 834117 1069621 6534178  883404]
151,[ 916122 1005186  995242  843756]
153,[8011397  976998 1034499  859075 1058779]
156,[ 986394 1085604 1124729 1110572  861445]
157,[1058997  962229  838186  913210  981760]
158,[ 862349  909894 1077555 1051516]
159,[8205218  994928  857849  985119 1098066]
160,[ 894236 1005186 1070820  933835 1101010]
161,[ 868764 9677202 1123792  953476 1051323]
162,[1122358 1070820  904360 6034857  834484]
164,[ 849843  927191  983584  883404 1029743]
166,[1075368  951590 1053690 1029743 1101010]
167,[ 908318  908846  825541 1043751 1043301]
168,[ 885290 1119051 6534166  857503 1023720]
169,[1051069 1075368 1037894 1107553 6534178]
171,[ 987724  913210  908531 1044078  892008]
172,[6533765 6534178 5569230  849843 1075368]
174,[1050851 1133018 9526410 9527290  835098]
178,[1085604  873627 1040807 1092026  989101]
183,[1120741 1028816 1118393 1053690 1106523]
184,[ 896085  824005 6534178 5585735 8160319]
185,[844165 883404 838186 908531 995242]
187,[ 983584 1123792  962229 1092026 1082185]
188,[1033615  832678  849843 1023958  985119]
190,[1110572  865178 1053690  951412 1110843]
191,[994928 910032 995242]
192,[1082212 5569230 1056509 1029743  990797]
193,[8090537 6534178  990797 1029743  914190]
194,[951412 903325 854852 961554 834484]
195,[ 995242 1062002 6534178 1029743  981760]
196,[1101173  926905  826249 1096317 1106523]
197,[1126899  951590 1036501  838186  856252]
198,[ 873627 1065593  870547  883404  899624]
199,[1082212 1132771 1005186  861272 1110843]
200,[1037894 1138189 1085604 1082212  823990]
201,[5569327 6034857 8205218  838186  999971]
202,[1029743 1051211  913202 1068719 1022003]
203,[5569471 1005186  849843 1070820  885290]
204,[1070820 1053690  923746  916381]
205,[1026118 1028816 1106523  910032 1072523]
208,[ 885290  862349 1070820 1037863 1014948]
209,[6533765  849843  923746  898980  908531]
210,[ 849843 1051323 1137688 1051516  892920]
211,[ 962229 1133018  832678  862732 9526563]
212,[1062002 1096317 1056509 8090521  860776]
213,[ 862139 5569327 1107553  981944  868764]
214,[ 901062 1055853  999104 1082185  976065]
215,[ 895540 5585635  916993 5587133 1404121]
216,[ 866227  895540  984715  986912 1005186]
217,[ 986912  834484  951590  925514 1018740]
218,[1097001 1026118  860776 1116821 6544236]
219,[ 862349 1127831 1024306  951590 1132771]
220,[ 896085  839419  866211  834484 1041796]
221,[1133018  849843  867188  883404  994928]
222,[5588666 5584027 5585727  847982  866211]
224,[866227 908531 913210 995242 890695]
225,[1029743  907631  911812  857503]
226,[995242 994928 832678 909894]
227,[ 919644  845193 1116578  908531  852317]
228,[1095275  866227 1126899 1058997  890610]
230,[8090532 1107553 8090537  913210 1029743]
232,[6533765 6534178  844165  953476  913210]
233,[1128016 1029743 1055283 1082212]
235,[1070820  983584  862732  893501  995785]
236,[1014948  946995 1126899  944836  893501]
239,[1133018 1120741  976998  857849 1137688]
240,[ 926905 1106523  914190  995785  826249]
241,[  870515  1119051   860776 12301109   995785]
242,[ 862732 1055646 1029743  854852  999104]
243,[1126899 6034857  909714  901062 1117514]
244,[1082185 1070015  909894 1133018]
245,[ 908531 1132771  983584 6534178 1061220]
246,[1070820  862349  873627  866140 1044805]
247,[1023958 8090537  895540 1133018  901062]
248,[1126899 1058997  913210  862732  849843]
249,[1053690  883404 1029743  965766  994928]
250,[ 844165 1056509 1076875  951590 8090537]
251,[1070820 1040807  874972  907631  883404]
252,[ 985119  844165 7167218  951590 1068719]
253,[ 951590  879755  845193  933835 1113588]
254,[1106523 1051069  831536 8160319]
256,[ 862349 1082212  861272 1002558 5568378]
257,[1070015 1033615  985119 1106523  883404]
258,[ 995242  909894 1120741  862349 1065593]
259,[5568729 1082185  866227  879755]
260,[1028816  989101  913210 1027569  962229]
262,[5584007 5590287 5584027 1040807 5588666]
263,[1029743  940947 1005186  995242  994928]
264,[ 834117 1119051  926905 1132771  921744]
265,[1092026  961554  873627 1034499  953476]
266,[1126899  981760  854405 1082185 6534178]
267,[ 844165  908213 1134522 6533765 1022872]
268,[995242 840361 870547 951590]
269,[ 962229 1131438  976998 1130858  976955]
270,[1053690  940947 1106523]
271,[1124729  986912 8090532 1137775 1018740]
273,[1053690 1005186  883404  840361 1110843]
274,[1070015  883932  898980  979707  910745]
275,[6533765  849843 1106523 1133018  826249]
276,[ 944534 1022003 1052912  951590  995242]
278,[ 999971  870515  824005  861272 1098066]
280,[1106523 6534178  999270 1044078 1133018]
281,[1070820  999104  854852  995785  833025]
282,[ 861272  976998 6534178  979707  995242]
283,[5569471  940947 1070820  990797  826249]
284,[ 856772 1082212  885290 1075368  819978]
285,[ 849843  923746  995242  944534 1030819]
286,[845208 938700 825541 866211]
287,[1033615  985119 1106523 1070015  927191]
288,[1070820 1026118  983584  834484 1055646]
289,[6533889  986947  981760  860776  847270]
290,[962229 947798 995242 866950 952317]
291,[1113588 1132770 1012873 9527487  844165]
292,[1106523  860975  933835  999971  826249]
294,[ 873627  983584  908531 1106523 1133018]
297,[ 844165  908531  874972 1071939  907631]
300,[1106523  826249 1096317  923746  995785]
301,[ 874972  844165 1082212  921744 5584027]
302,[1102959 1124729 1045220  872137  951197]
303,[ 951590 1040807  995242 8090509 9337581]
304,[ 868764  873627 1107553 1029743 6534178]
305,[ 885290 8090532  861272 1107553  976998]
306,[ 962229 1037863 1050229  929668  883404]
307,[ 839849  845208 6534178  933835  899624]
308,[1110572 1058997 5569230 1003600  970030]
311,[1005186 1106523  866227]
312,[1071939 1042438 1041796 1051516 1077555]
314,[1058997  995965  893018 1013321 1030819]
316,[1122358  933835  849843 1050131 1053763]
317,[ 951590  983584 1029743  965766  883003]
318,[5569230 1134522 1106523  903325]
321,[1058997 1056509  944836  901062  840361]
322,[ 862349 1057260  923746  872137  981760]
323,[1126899 1074524  944139  907631 9527487]
324,[1057260 1070820  903325 6534178 1127831]
325,[ 893501 1053690  916381  976199 1029743]
326,[8090521 1037840 1043590  874736]
327,[ 907631  882441  985119  883404 1098066]
328,[ 885290 1070820 1028816  821083 1041259]
329,[1095275 1005186  944836  901062  820165]
330,[ 995242  857849  849843  994928 1004906]
331,[1051069  925514 1004906  986394 1076056]
332,[ 862349 1058997 1065593  995242 1026118]
333,[ 986912 1005186  944534  857849  940947]
334,[ 847982 1082185 9337581 5569230 1000753]
338,[1028816 1026118 1051516  908846 1037863]
339,[1106523  916767 1132770  922907 1015247]
342,[1050131  990797  839147 1029743  824555]
343,[1133018  981760 5568378]
345,[6602697 1003188 1132771  892920  857849]
346,[1101010 1037863  849843  819978  835098]
347,[ 916767 5569471 1126899 1076875  883932]
348,[6533765 1056509 1096036 1043590  845208]
349,[ 976199 1065593  913785  994928  844179]
350,[ 873627  860776 6534178  883003  962568]
351,[ 951590 1133018 1057260  865456  883932]
353,[1022254  909714  908846 1009449  979707]
354,[1050851  919644  962229 1056509  910032]
356,[ 916767 1113588  882441  834117 1041796]
357,[1126899 1040807  840361  983584 1098066]
358,[5569230 1110572  873627 1106523  872137]
360,[5568378 1132770 5569327  862139 1003421]
361,[1082212 1101010  857849 1133018  826249]
362,[ 866227  986912  923746 1070015 1022254]
364,[1106523  974108  890610 1001148 1092026]
365,[1132771 1022003  908213 1082185 6534178]
366,[ 999971 8090509 1092026 1065593 1133018]
367,[1070820  862349  839849  961554  856772]
369,[1033615  840361 7441391 6533765]
371,[5590287 1137688 1003188 1028816 1116821]
373,[ 989101  986912 1015247 1050851 1102959]
374,[ 879755  976300 1029743  910032 1081177]
375,[8090532  914190 1041796  965766 1132280]
376,[1033615  849843 1133018 1061220  913202]
377,[1126899  995785 1082185  880150 1029743]
378,[1005186  933835  927191  908846 1043301]
380,[ 951590  965766 1053690  854852 1065593]
381,[1075368  933835 1081177 1055646 5569230]
382,[ 827180 5569374 5569471 1101010  852317]
383,[1126899 1119051 1137688  890695  944836]
384,[1075368  976998  861272 1058997  868764]
385,[1057260 1087102 1058997  951412 6034857]
386,[1095275  868764  849843 1092026  883404]
387,[1126899  916122 1009449  903325  897954]
388,[  839849   849843 10285144   995242   882441]
389,[1126899  916993 1058997 8090536 1122358]
390,[ 951590 5569230  993638 1053690  832678]
392,[12263788   951412  1133018   940947   903325]
393,[1065593  995242 1029743 1108168  994928]
394,[ 834484  901062  835098 1137775  854852]
395,[1053690  986912 1120741]
396,[1075368 1058997  908846 1026118  901062]
397,[1126899 1058997  933835 1087102 1128016]
398,[1092026 6534178  916381 1029743 1071939]
400,[6533889 8090536 1029743 1056509  860776]
401,[ 895540 1033615 1124729  965766  849843]
402,[ 819978  914190 1101173  859075 1040807]
404,[1003600  905913  870515  860975 1074405]
405,[1039156  834484 1101010  860776  962229]
406,[ 894236  957951 1082185 6534178]
407,[ 983584  914190 8090521 1097001 8205218]
409,[1070820 1098248  979707 1082185 1050229]
410,[866227 949616 826249 849843 923746]
411,[ 951590 1106523 1075368 1050851  923746]
412,[1005186  866227 1095275  860975 1133018]
413,[ 986912  860975 1106523 5569230  849843]
414,[ 940947  985119 1085604 1029743  826249]
415,[ 970119  911812 9526410 1077490 1082185]
417,[1065593  995242 1082185 1023958  967395]
418,[12263788  1058997   971922  1003188  5584007]
420,[ 918733  870780  900491  897954 1053763]
421,[6534178 1110572 1119051  923746  981760]
425,[1070820  883404  849843  923746  847789]
426,[1005186  862349  908531 1057260 6534178]
427,[1009449 1082185  895540 5569845  981760]
429,[ 909714 1029743 1098066  899624]
430,[5569230  953476  908531  861272 1096036]
432,[ 882441 1127624 1065593  995242  935284]
433,[1089392 1106523 1082185 1068719  896613]
434,[1048462  976998 1039156  913202  919534]
435,[8090532 8090537 1117514  909714 1022872]
437,[1095275  962229 1053690 1105623  913210]
438,[5584027  951590 6034857 1108168 5585735]
441,[  976998  1123792 12810393  1137688  1082185]
442,[1085604 1091365 1110843 1095275 1005186]
443,[8011397 1057260  862349 1077555 1056509]
446,[ 825541  957951  840361 1082185 6534178]
447,[1057260  847789  845208 1034499  937626]
449,[1092026 6534178 1022872]
450,[1038217 1005186  905539  995242  933835]
451,[ 962229 1070820  860776 1105488 1122358]
454,[5569230 1023958  908531  999971  995242]
457,[1070015 1029743  927191 1118393 1055646]
458,[ 849843  843756  833025 5569471 1039156]
459,[885290 844165 901062 979707]
460,[1082185 1052912  834484 1069621]
461,[1050851 1046262  897954 1004906]
462,[ 995242 1137775  854852  999858  840361]
463,[6534166 1106523  901062 1133018  999971]
464,[ 995242  993638 1041157  890610 1037863]
466,[ 918368  985427  893018  952981 1044078]
467,[ 834484 1106523 1024306  900802 1136257]
468,[1055863 1106523 1116578  925514 1080414]
469,[862349 951412 901062 908846 968215]
470,[1127624 1113588 6534178  845193 1022003]
471,[ 866227  999104  909894 1026118 1133018]
474,[ 844165 1116578 1001148 1092026 1053690]
477,[1126899  908531  849843 1058997 6534178]
478,[1091365 1074524 1048462 1037894  976300]
479,[1085604 1005186 1133018  879755 1131438]
480,[1051516 1070820  970030  840361  857503]
482,[ 844165  879755  951590 5585510 1062966]
483,[1106523 1071939 1043590  909894 1074524]
484,[ 862349 1119051  839849 1005186 1050851]
485,[  845193 12263788   951590  6534178   905539]
487,[ 952317 1082185 6534178 1029743  995242]
489,[ 986912 5588666 5590287 5585727 1022254]
491,[ 903325 1056509 6534178  862349 1062002]
493,[ 873627  911812 1013321  995242  822407]
495,[ 883404  923746 1029743 5592931  913210]
497,[1058997  921744 1082185]
502,[1070015  849843  898980 1033615  985119]
503,[1070820 8090536  895540 1051211  861272]
505,[1132770  874972  898068  844179  883404]
506,[ 821083 1043301 1114597  995242  995785]
507,[1014948 1036501 1080414  866227 8160319]
508,[1101010  883404  999971 1133018  925514]
510,[ 862349 1036501 1070820 1003600 1127831]
511,[ 879755 6533765 1110572  844165 1120741]
513,[5569471 1018740 1132771  821083 8090532]
514,[ 820165 1110843  909714 5585635 1127831]
515,[1106523 1070702  899624 8090521  927191]
516,[1110572  835098 1050229  844179]
517,[ 908846  834484  840361 1041259 1137688]
518,[ 844165  862732 1102959  860975 1137775]
520,[8090537 7167218 1133018  883404  913210]
521,[5568378  908846 1051516 1053690 1026118]
523,[1057260 1005186 1110572 1056651  894236]
524,[1106523 1051516 1037863 1133018]
525,[1110572 1026118 1101010  883003  968215]
526,[5569230  847982  913210  834117 6534178]
527,[ 933835  861272  986947  883932 1027569]
531,[ 995242  981760  944534 1022003 1050229]
533,[857849 899624 995242 994928 962568]
534,[ 927191  861272 1039156  898980 7167218]
537,[1127624  925626  914190  976998 1057260]
538,[1082212 1070820  870780  909714  821083]
539,[ 860975 1058997 6534178 1126899  833025]
540,[860776 916122 995785 995965 951412]
542,[ 844165  849843 1106523 1050851 6533765]
543,[1126310 8090521 1113588 8090537  995242]
544,[1085604  861272 7440663 1110572]
545,[1040807  895540  840361  878996 1037863]
547,[ 885290 1029743  986912  882441 1056651]
548,[870515 854852 923746 847270 860776]
550,[835098 849843 995242 854852 899624]
552,[1113588 1106523  899624  925626 1133018]
553,[1036501  951590  953476 1040807 1065593]
554,[1106523  862349  867188 8090537  909714]
556,[1009449 1048462 1096317 1127624 6544236]
557,[ 879528  857503  834484 1133018 1082185]
558,[1106523  893018  995785  844179  981760]
560,[ 999104  861272 1029743 1003188 6534178]
562,[ 957951  965842 1044805  854405 1029743]
563,[1075368  852317  961554 6534178 1029743]
564,[ 824005  995785  962229 1027168 1105488]
566,[1085604  993638  861445  986912  839147]
567,[1070015  986912 1076875  987724 1133018]
568,[ 985119 1033615  844165 1106523  865330]
569,[1112238  995242  999104 1041259]
570,[ 862349  874972 1098066 1000753 5569374]
574,[ 908531  834484  973861  995242 1029743]
575,[ 862349 1126310  927191  890610  866227]
576,[ 951412 8090532  844165 8090521 5569230]
577,[1056509  951590  999104 1070820  940947]
578,[8090521  854405 1092026]
579,[1091365  879755 1052912  847982 1005186]
580,[1056509  909894 1077555 1030819  940947]
581,[1126899  983584 1002558 1136257 1098066]
582,[1119051 1041259  854852  847270  879528]
583,[1120741 1053690 1056509  999971 5569230]
586,[1053690 1092026  844165  861272 1029743]
587,[ 885290  911470 1124729 1022872  925514]
588,[1070015  951590 1053690  933835  970030]
590,[1081177  916122  844165  883404 1092026]
591,[1106523  854852  860776  933067  826249]
593,[5592931 1106523  866140 1038217  883963]
594,[1106523  962229  962568  865456 1058779]
595,[1107553  883404  834484 1106523 1098066]
596,[8090537 8090521 1106523 1043590 1068719]
598,[6533765  965766  981760 1133018  923746]
600,[1029743 1039156  995242  912681 6534178]
602,[ 874736  944139 1014948 1098066 1055646]
603,[9527487 6463658 1022872 1085604 1124729]
604,[ 862349 1082185  962568  882305]
605,[1003600  890695 1003188 1126899  976998]
606,[1029743  840361 1026118  866950 1117514]
608,[1039156 1106523  981760  840361  907631]
609,[1005186 8090537 1106523 6534178]
610,[1132770 1117514 1006184  883404  844165]
611,[6534166  953476  833723  861445 8090536]
612,[1065593  953476  925626  868075  861272]
613,[ 912681 9526410 1075470 1070015 1133018]
614,[1077975  860776  840361  903674 1055646]
615,[971922 883003 903674 833715 995242]
617,[1126899 1116821  979707  951412]
618,[1037840 1070820 1085604 6534178  947798]
621,[1137775  940947  844179 1013321 1098066]
622,[ 986912 1106523  826249  987724  879755]
623,[ 999971 1058779 1041259  923746  909894]
624,[ 849843 1133018 5592931 1106523 1101173]
630,[ 862349 1070820  847982  860776  962568]
631,[5585635  927191 1038217 5590287  825541]
632,[1057260 1082212 1029743 1065593  953476]
633,[1075368 8090537 6534178 1080414 1134522]
636,[1051516  912681 5592931 1022254  927191]
637,[ 926905 1037840  834484  833025 1092026]
638,[ 971922 1029743  849843  919534 6534178]
640,[8205218 1108168 1106523  849843  927191]
641,[1126899 1070820  862349 1028816 1040807]
643,[1055853 5588666 5585735 1056509 1055646]
644,[1077975  821083  862349  834484 1082185]
647,[8090536  951590 8090537 1043751  933835]
648,[1119051  903325  995785  839419  976998]
650,[1082185 6534178 1029743  995242 1106523]
652,[ 832678  866227  883404  890610 1051211]
653,[1037840 1056509  868764 5569471  893501]
654,[1077555 1056509 1040807  995242 1038217]
655,[1070015 6533765 1033615 1134522  999971]
658,[1070015 1039156 1075470  907014 1029743]
659,[ 862139 1133018 5569845  844179]
660,[1126899  868764 1057260  916122  982790]
661,[1110572  986912  995242  987480 5569230]
662,[ 983584 6773204  976998  883404  893018]
663,[ 908531  866227 1037894  999971 1053690]
665,[1033615  986912 5585510  900491 1116578]
666,[ 937626 1033615  861272  845193  914190]
667,[ 860975 1005186 1022254  995242  940766]
668,[ 1058997   893501   957951 10285144]
669,[1126899  951412  971922 5568729 1082185]
670,[ 860975 1029743  971922 6534178  995242]
671,[ 951590 1056509 1038217 6534178  935284]
672,[849843 879755 908531 983584 961554]
673,[ 907631 1033615  951590 1005186  999104]
674,[ 820165 1048462 1122358 1119051 1033615]
675,[6533765 1133018  870547 1096036 1022254]
676,[1107553 1085604 1080414 1070015 1102959]
680,[1033615  892008  930917  908213  995242]
681,[ 890695  856252  951590 1027168  909714]
684,[1082185  918733  849843 1133018]
685,[1056651 1030819 1074524  863447  938700]
687,[  951590  5569230   965766   833723 12810393]
690,[1037840  883404 1022254  962568 1037863]
691,[8011397 1006184 1050851  999971  981760]
692,[ 894236  862349 1119051  824005 1055646]
693,[ 962229 1028816 1071939  911812 8090536]
694,[1037840  844165  893501  826249 8090537]
695,[ 995965 5587133  933835 1029743  981760]
696,[1126899  983584  971922 1003188 1101010]
697,[1057260 1070820 1028816  860776 5590287]
698,[1005186 1132770  840361  987480  883404]
699,[ 962229 1043751 6534178  899624  868075]
700,[1000753 1101010 1056509 1106523  944139]
701,[5569374  835098 5585510 5569230  981760]
702,[ 865456 1065593 6534178 1056509 1029743]
703,[1058997 1404121 5569230 6534178 1043751]
705,[ 862349 1029743 5587133]
706,[ 893501 1053690 1070820  933835  923746]
707,[6533889 5569471 1029743  923746  824005]
708,[ 845208 1029743  976065  995785  995242]
709,[ 879755 1075368 1092026  825541 1124729]
710,[1110572 1106523 1132770 1074524 1039156]
711,[ 839147 1092026 1085604 1124729  986394]
712,[1070820 1056509 5569374  870515  872137]
713,[ 962229 1075368 5569230]
714,[1058997 1126899 5568378  944139  987724]
715,[1033615  949616 1022872  909894 1087102]
716,[ 860776  847982 1028816 6034857]
717,[ 861445 1102959 6534178  940947  986912]
718,[6534166 1092026 1085604 5585510  861445]
719,[ 933835 1040807 1133018 1082185]
720,[863447 854852 909714 968215]
721,[1126899  862732 1058997 1107553]
722,[6533889 5588666 1133018 5585727 5584007]
723,[ 999104  860776 1082185  961554  895540]
725,[1058997  868764 1038217  844165  892008]
726,[ 995965  951412 1058997  933835  870515]
727,[ 847982  923746  918335  859075 1071939]
728,[1070015 1029743  976199  899624  844179]
729,[1082185 6534178 1029743  995242 1106523]
730,[1126899 1058997  976998  831536]
731,[6534178 1005186  847982  893501  868764]
733,[5569471  907014  866211  857849  870547]
734,[6534166  995242  908846 1026118 1137688]
735,[1106523  908846 1072523 1026118 1053690]
736,[ 900802 1053690 1041259  833715  962568]
740,[1051516 1116821 1024306 6034857 1022254]
741,[ 927191  857849 1112238  845208 1074405]
742,[ 879755  882441 1076875 1133018  919644]
743,[1077975  938700  866211 1085604 1005186]
744,[ 862349 1056509 1058997 1051323 6534178]
745,[ 854852 1082185 9526563  967395  956609]
747,[8090537 8090509  893501 8090532  914190]
748,[1037894 1108168 1122358  826249 1044078]
749,[1070015  890695 1122358 5582789 1051323]
750,[ 883404 9527487  965766 1133018  919534]
752,[ 986912 1137688  938566 1005186  933835]
753,[1075368 1026118 1126899  872137  983584]
754,[ 986947 1058997 1126899 1127624  901062]
755,[6534178 1058997 1137775  962568  995785]
757,[ 962229 1039156  826249 1082185]
759,[1028816  820165  854852  962568]
761,[1106523 1133018 1053690 1029743  909714]
762,[1091365  986912 1095275 1005186  862349]
764,[1051516  981760 1029743 6534178  878996]
766,[ 901062 1051516  868764  903325 1026118]
767,[ 840361 1029743  862349 1076875]
768,[1126310  834117 1023958  913210 1029743]
769,[ 953476 1106523  844165  849843 1092026]
770,[1029743 6534178  981760 8160319 5569230]
771,[ 953476  868764 1026118 6034857  976998]
773,[ 860776  970030 1082185]
776,[1085604  907631 1012873  847982 1022003]
777,[6544236 1132771  962568  961554  923746]
779,[1057260 5582789 1068719  821083 1102959]
781,[912681 854405 872137 995242]
784,[5569230 1110572  908531 6534178 1082185]
786,[5569230 1133018 1106523 1096036  981760]
787,[ 894236 1039156  999104  862349  856772]
788,[6533765  849843 1108168 6534178  925514]
789,[ 883003 1101010 1071939 1018740 1096036]
790,[1070015 1077555  995965  820165  968215]
793,[1133018  995242 1122358  833025  981760]
794,[1058997 1051211 1117514  857503  911812]
795,[1043751  844165 9527290  910032 1085604]
796,[969866 923746 995242]
798,[1058997 1126899  994928  908531 1034499]
799,[1058997 1126899  970119  860975 1050851]
800,[ 995965  989101 9677202 8090537 8090532]
801,[1009449 1053690  976199 1020682  914190]
802,[ 983584 1041796 1082185  919534 1101173]
803,[ 976998  962568 5592931  897306 1082185]
804,[1053690  844165 1120741  999971 1080414]
805,[868764 844165 870547 899624 923746]
806,[5590287 5569471 8090536 1074405 1013321]
807,[6034857  838186  961554 1029743 1126899]
808,[ 879755 1028816 1036501  908846 1029743]
810,[1028816  993638  908846  970030 1024306]
811,[5568378  879755 1108168  899624  981760]
813,[1050851  883932  895540  951412  860776]
814,[1070015  907631  985999  850841 1012587]
816,[1075368  862349  901062  883404 1082185]
817,[1070820  923746  981760 1026118 1082185]
818,[ 893501  885290 6544236  849843 1077975]
820,[8090509  849843 1037840 1124729  859010]
822,[1005186  874736  882441  940947 1132770]
823,[6534178  882441 1120741 1108168]
824,[ 962229 1106523  923746 1062002 1115874]
825,[6533889 1058997 5584007 1028816 5588666]
826,[1037840  845193  952981 6533765  951590]
829,[1018740 1137775  995242  909894  933835]
830,[1037863 1124729 1106523  845208  899624]
831,[951590 890695 937626 970030 916122]
836,[ 927191  916993  962229 1126899  833723]
837,[ 854852  872137  938566 1082185 1133018]
840,[1112238  883404 1029743  860776 1013321]
841,[ 908531 1133018 1106523  883404 1044078]
842,[6533765  844165  999971 6534178  882441]
844,[1127831  995242  840361 1082185 1027168]
845,[ 861272 8090537  951590  897954 1026118]
846,[ 890695 1133018 1053690  951590  883003]
847,[ 867188  840361  995242 1082185 6534178]
848,[ 873627 1070820 1101173 1096317 1044078]
850,[923746 847789 823990 870547 976955]
852,[1126899 1058997  862349 1070820  820165]
853,[ 821083 1058997 6534178  951412  970030]
854,[ 834484  918335 1132280 1041796 1071939]
855,[1005186  916993  986912 1029743 1112238]
856,[1022254  990797  976300  994928  999971]
857,[ 976998 5569230 8090537  856772 1040807]
858,[1070820  873627 1092026  844165 1051069]
859,[1075368 5569230  951590 1101010  832678]
861,[ 870515 5585510 1072523  899624 1117514]
862,[ 953476  987562  985119  908318 1002558]
863,[6534178  863447  916122 1003188  995242]
864,[1101010 8090521  927191  883404 1029743]
865,[1075368  962229 1106523  899624  918733]
866,[1106523  983584 8090537  870547 1120741]
867,[ 983584 1075368  986912  908531 1022003]
868,[6534178  834117  883404 1075470 1096036]
869,[5592931  826249 1068719  866227 1034499]
871,[ 913210 5569845  880150  923746  903325]
875,[1124729 1082185 7441391  949616 1123792]
876,[ 916993 1058997  849843  929668  840361]
877,[1126899 8011397 1058997  981760 1044805]
878,[ 947798  986912 1033615  951590 1133018]
879,[ 903325  911812 8090536 1070820  896369]
880,[ 951590  866211 1112238 1033142]
881,[1120741 1065593  890695  883404 1108168]
882,[1106523 1137775 1083721 1065593 1092026]
883,[6534166 1051516  857503 1022254  872137]
884,[1085604  986912  882441  861445 1132770]
885,[1076875 1020682  952317  856772  923746]
886,[1070820 6534178 1096036  868764]
887,[5585510  860776  919534  865456 1055646]
888,[5582789 1003188  901062 5590287 6034857]
889,[1126899 1039156 8090532  849843  916993]
891,[ 861445  995965  866211  983584 1124729]
893,[ 872137 1106523 1119879  976998  844165]
894,[ 825541  860776 1082185]
895,[1112238  999104  866211 1082185  961554]
897,[1039156 5569374  894236 1070820 1126899]
898,[1057260 1028816  893501  824005  834484]
900,[ 986912 1133018 6534178 5569230 1068719]
903,[1126899 6034857 1058997  878996 1138443]
904,[ 905539  995785 1106523 1137688  923746]
906,[6533889 1058997 6773204 1039156 1005186]
907,[ 986912 1057260  985999  840361  981760]
908,[1057260  862349  916122  971922 1022254]
909,[ 976199 1029743 1055646 1022003 1082185]
911,[ 901062 1003600  820165 1058997 8011397]
913,[1070820  834117 1029624  999104]
914,[ 1118393   918733 12302069  1033142  1134522]
915,[1057260  880150 1077555  845208 1068719]
916,[1075368  480014  989101 1098066]
919,[ 882441 1113588  937626  903674 8205218]
920,[1106523 1092026 1133018  999971 1061220]
922,[1058997 1039156 6534178 1082185  923746]
924,[1075470 1029743  995242  826249  940766]
926,[ 903325 1138443 6534178  995785  866227]
927,[1058997  986912 1095275 1126899  965267]
928,[1037863  908531 1005186 1110843  866211]
929,[1070015 1070820  845193  862349  933835]
930,[834484 981760 962568]
931,[1001148 1062966  913210 1126899 1041796]
934,[ 953476 1133018  860975  933835 1028816]
935,[1132771 6534178 5590287 1126899 1062002]
936,[ 962229  879755  908531  861445 1085604]
937,[1126899 1058997  961554 5585635 5590287]
939,[ 916767 1092026  839849 7440663  866227]
940,[ 976998 1123792 1065593 1029624]
941,[5568378  861272 1095275 1005186]
942,[1029624 1055646  946995  987724 1029743]
943,[ 1053690  5592931  1106523 10285144   840361]
944,[1101010 1132771 6534178  951590  866227]
946,[ 909894 1133018 1132771  849843  832678]
947,[ 866227 1101010  883003 1081177 1055646]
949,[1003600 8090521 1135768 1029743 8090537]
951,[1039156  823704 1029743 1048462 1050851]
952,[1075368 1122358  896369 1053690  862349]
953,[ 849843  999104 5584027  965842 1029743]
954,[ 910032 1082185 6534178 1029743  995242]
955,[1077975 1105623 1106523  995876  832678]
956,[6534166 1070820  849843  821083  986912]
957,[5592931 1005186  878302 6534166 6533765]
959,[1003188  845208 1106523  968215 6534178]
960,[6534178 1126899 1070820  870780]
961,[1005186 1082185 1029743  976199 1068719]
964,[1106523 1051211  981760 8090537  879755]
965,[  883404   871756 12301100   944534   849843]
967,[1110572 1056509 5590287  896085  879755]
968,[1075368  916767 1036501  983584 1107553]
969,[1029743 8205218 1082185  883404]
971,[1075368  895540  908531  929668  866211]
972,[ 862349 1107553  866227  832678 6534178]
973,[ 896085  911812  878996 1050229  984715]
974,[1070015  908846 5585510  995876  928049]
975,[6533889 5569471 5569327  995965  944836]
976,[1058997 1005186  834484 1127831  933835]
978,[1070820  951590  969866 1106523  916122]
979,[ 989101  986947 1029743 1082185 1022003]
981,[1082212  940947  995242 1110572  866211]
982,[1075368  962229 9677202 1058997 6534178]
983,[1095275 1075368  834117  913210 5568378]
984,[1119051  903325  995785 1126899  908531]
985,[ 908846 1040807  914190  962568 1039156]
986,[ 849843 1065593  868764 1076875  844165]
987,[ 986912  824005 1137775  819978  916122]
988,[1070820 6534178  981760  999971  839849]
989,[1122358  986912 8090509 1029743  899624]
991,[1026118 5585510  885290 6534166]
992,[1005186  896369  909714 1028816]
993,[ 995242  951590 1082185 1005186  981760]
996,[1133018  923746 1040807  883404 1081177]
997,[1070820 5584027 5585635  849843  953476]
998,[1037840 6533765 1092026 6534178 1000753]
999,[ 983584  885290 8090532 1029743 1044805]
1000,[ 986912 1005186  861272  854852 1082185]
1001,[ 1095275  1051211 12301109   834117   893501]
1003,[1070820 5569374  862349 1110572 1119051]
1004,[ 995242 6534178  913785 1029743  849843]
1005,[ 883404  847982  866140 8205218  921744]
1007,[1003600  931671  883404 1070015]
1008,[1110572 6534178 1065593]
1010,[ 862349 1052912 6534178  971922 1127831]
1011,[1058997  916122  944836  908846 1043301]
1012,[1082185  857503 1070820 1005186]
1014,[981760 976199 883404 927191 844165]
1015,[5585735 5582789 1082185 1043301  867188]
1018,[1070820  862732  952317 1106301  981760]
1019,[1106523  905539  863447  840361 5591038]
1020,[1070820  929668  995785 1022254  938566]
1021,[1029743  938700 1106523 1122358]
1023,[6533889 1062002  908846  878996 5568729]
1024,[ 940947  847982  999971 1056509 1040807]
1025,[8090521  983584 1106523 1045220 5568378]
1027,[1132771  899624  981760 1126899 1040807]
1029,[ 885290 1126899 1040807 1058997 6534178]
1030,[1070820 1003600 1070015  986912  965842]
1034,[1126899  986947  861272 1058997  994928]
1038,[1120741  999971  865330  849843  885290]
1039,[ 951590 1134522 5569230  835098 5569471]
1040,[1075368 1126899 5569471 1082185  885290]
1041,[1005186  849843  882441  865330 1106523]
1042,[ 862349 1119051  861272  856772 1036501]
1043,[1082185 6534178 1029743  995242 1106523]
1045,[1095275 6534178  989101 1101010  834117]
1046,[1126899 1005186  986947  861272  873627]
1047,[1110572  844179  899624 1133018 9526886]
1050,[ 962229 6534178  868764 1106523  857849]
1051,[1137775  845193  908213  933835  856772]
1053,[1005186  976998  971922  847270 1137775]
1057,[1107553 5584007 1005186 1110843 5585727]
1058,[1085604 1132770  844165 6533765  849843]
1060,[ 861272  951590 8090521 5569230  933835]
1061,[ 832678  844165 1106523  951590  900491]
1062,[1127624 1116578  919644  883404 1048462]
1064,[1070820 8090521 1051211 1082185  857849]
1066,[ 989101  885290 1037863  995242  844165]
1067,[1075368 1126899 8090532  893501  938700]
1068,[1101173 1096317 1050131  925626  985427]
1069,[ 908531  995242  999858 1029743  983584]
1070,[6534178  983584  949616  908531  995242]
1071,[ 882441  874736 1132770  953476 1133018]
1073,[1058997  873627  995242 5569230 1053690]
1074,[8011397 1058997  908531  940947 1134522]
1075,[1070015 1033615  844165  909894 1074524]
1076,[1075368 1101173 1033142  865456  999858]
1077,[951590 893501 995242 893018 835098]
1078,[1126899 1026118 1058997  861272  834484]
1080,[8090537  844165  927191  899624 5584027]
1081,[ 857849 1056509  908318  946995 5569230]
1082,[1133018  908531 1106523  976998  994928]
1083,[ 979707  897125  933835 1043301  911812]
1084,[ 953476 1122358  951590  844179 1135768]
1085,[ 883404 6534178  896085 1135768  850841]
1086,[1074524  844179 1082185  883404]
1087,[ 962229 1106523  908531  995242 1096036]
1088,[1080414  865330  913785  844165  925514]
1089,[ 947798 1029743 6534178  927191  868764]
1090,[ 989101  912681 1055646  916122  995242]
1091,[ 1029743  1012873 12302069  1070015  1098066]
1092,[ 859075 1034686 1014948 1128016  987562]
1093,[ 844165  845208 1077490  867188  976955]
1094,[ 933835 1036501  916993 8090521 1138443]
1096,[1026118  895540 1037863  854852  903325]
1097,[ 6534166   838186 12263788  6533765  1106523]
1098,[5585510  908531 1065593  849843  904360]
1100,[1085604 1107553 6534178  994928]
1102,[1114597  866211 1082185  901062  999971]
1103,[1126899 6534178 1022254  916381 1051211]
1104,[1039156 1114597  986912  999104 1022872]
1105,[1058997 5569230 1082185 6534178]
1106,[ 868764 1037840  949616  999971 1022872]
1108,[1057260 1110572  847982 1120741 1018740]
1109,[1070820 1065593  961554  938566  909714]
1110,[ 862349 1070820  908531 1085604  879755]
1111,[1028816 1106523  854852 1038217 9677202]
1112,[6533889 1075368 5584027 1002558  862349]
1113,[1126899 1028816 1116821 1058997 1003600]
1114,[8090521  918733 1051211  826249  892008]
1115,[1003600  951412  893501 5569471 1024306]
1117,[1053690  860776  893501 1051323 1081177]
1119,[  940947 10285144 12302069   999270  1077555]
1120,[995242 981760 896613]
1121,[ 962229  890695  872137 5569230  961554]
1123,[ 962229 1126899  834484 5585510  981760]
1124,[ 879755 8090521 1133018 1029624  976955]
1127,[5569471  896085 5569230  929668 5585510]
1128,[1119051 6533889 1050131 5592931  951526]
1129,[1126899 1137688  995785  909714  970030]
1130,[1039156  923746 1006184 1044078 1020682]
1131,[1075368 1076875 1029743  883404  908531]
1132,[1101173  951590 1132770  885290  930917]
1133,[ 903325 1029743  981760  995785  914190]
1134,[1070820 1037863 5585510 1082185 1051323]
1135,[ 995242  908531 1053690]
1136,[1039156  962229  847982  983584 1053690]
1137,[ 885290  860975 1023958  995242  868764]
1138,[1120741  882441  957951  849843  859010]
1139,[ 872137 1112238 1004906  862349]
1141,[879755 896085 983584 953476 927191]
1142,[ 995965  861272 6602697 6533889  908318]
1145,[1005186  986912 5585510 1124729  986394]
1146,[1033615 1005186  985119  866227 1026118]
1147,[ 951590 1106523  834484  824005  883932]
1149,[1026118 1137688  994928 1082185]
1151,[1122358  923746 1029112 1039156  893018]
1152,[ 951590 5569471 9337581  995242]
1154,[1053690  849843 1106523  908531  874736]
1155,[ 883404  840361  908531 1023958  926905]
1157,[1070820  951590  976998  981760 9677202]
1158,[ 916767  862349 8090521 1133018 1101010]
1159,[8090532 1107553 1119051  903325  961554]
1160,[1029624  898980 1133018 8205218 5592931]
1161,[  908846  8090537   835098 10285144   981760]
1163,[6534178 1106301  840361 1029743  859075]
1164,[1070820 1077975  986947  901062  820165]
1166,[1039156 6534178 8160319  995242 1029743]
1167,[1070820 1082212 1062002 1127624  940947]
1168,[908531 983584 995242]
1169,[ 844165 1070015  849843  883003 1043590]
1171,[1075368  995785 1043301  951197 1071939]
1172,[1122358 1029743  844165 1068719  916767]
1174,[ 976065  866227 1105488  986912 1005186]
1175,[6534166  908846 1082185  908318]
1176,[1082185 6534178 1029743  995242 1106523]
1178,[ 834484 1116821  995242  995785  914190]
1179,[ 962229 1056509  908531  860776  995242]
1180,[ 849843 1033615  985119 1122358  923746]
1182,[ 880150  979707  900802  899624 1106523]
1183,[1029624  844165 1110793  879755  866227]
1185,[1106523 1023958  882441 1132771 1132770]
1186,[6533889 6034857 1024306  908846 1082185]
1187,[7440663 1048462  839147  833723  913202]
1188,[1005186  882441  883404 1092026 1062966]
1189,[1007195 1106523 1053690 1037863  908846]
1190,[ 6534178  8090521  1070015 12810393   883404]
1191,[1110572  999104 1041259  890695 5569230]
1192,[5668996  849843  861272  860975  859075]
1193,[1106523  899624 1075470 1013321  879948]
1194,[1005186  857849 1065593 1070015 1044078]
1195,[914190 860776 923746]
1196,[ 901062 1070820  873627  909714  857503]
1197,[ 951590 1137775  933835 1132771  856252]
1198,[1024306 1058997 1105623  901062 1000753]
1201,[1074524 8090537 1080414 1056509  999104]
1202,[ 845208 1051516 6534178]
1203,[1070015  951590 1106523 1042438  866211]
1204,[ 926905 1106523  933835 1037840  883404]
1205,[1092026 1053690  882441 1029743 1076875]
1206,[1133018  826249  883404 1098066 1043751]
1207,[ 953476  967395 1133018  866227  994928]
1208,[1123792  890610 1065593  999858  845208]
1209,[ 861445  986912 1029743]
1210,[ 1070820   862349 12263788  1082185   839147]
1211,[6534166 1070820 5585510 1000753  872137]
1214,[ 989101 1110843 1005186  993638 1082185]
1216,[1065593 5569230  995242  951590  946995]
1217,[1075368  962229 1106301 1050851  879528]
1218,[1070820  849843  999104 1027168 1098066]
1219,[  850841  1098066  1023958  1135768 10285144]
1221,[ 873627 1029743 1096036 1004906  981760]
1222,[ 933835  951590 5569230 1005186  857849]
1223,[8090521 1053690 5569230 1001148 1070015]
1224,[ 935284 1068719  969866  939636 1005186]
1225,[ 865330 1096317  949616  824555 1106301]
1226,[1070015 1070820  862349  890695  940947]
1227,[1039156 1058997  845193  929668  847270]
1228,[1005186 5569471  866227 1022254 6534178]
1229,[1070820  908846  951412  965842  903325]
1230,[1095275 1119051  839849 1106523  937626]
1231,[1055646  847789  849843  995242  860776]
1234,[ 862349  866211 5568378 1051211  999270]
1236,[ 999971  965766 8090521 5569230 8205218]
1238,[ 962229  890610 6773204  929668  868075]
1240,[6533889 1070820  824005 6034857  860776]
1241,[1075368 1037840 1092026 1065593 1053690]
1242,[1070820 1023958 1112238  862349  883404]
1245,[985119 834484 908846 834117 903325]
1246,[1126899 1022872  971922  859075 6534178]
1247,[1126899 1009449 1040807  961554  951590]
1248,[ 951590 1106523 1022981  885290  971922]
1249,[1106523  854405  834484 5591038]
1252,[ 999104 1062002  872137 1070820  857849]
1255,[ 922907 1072523 1077555 1056509 1108168]
1256,[1137688 1116821  944836  933835  979707]
1257,[1028816 1126899 1137688 1022254 1026118]
1258,[5569471 1051211  883932  872137  914190]
1259,[ 916993 1113588 1082185  826249 1126899]
1260,[1058997  999104 1051516 1102949 1026118]
1261,[1126310  861445  986912  866211  866227]
1262,[ 847789 1001148 5569230  897125  854852]
1263,[6534178  910032 1070015  861445 1085604]
1264,[1107553  839849  874736  893501 1138189]
1265,[ 918733  971922 1101010 1082185  909894]
1266,[ 839147 1085604  970030 1022872 1039156]
1267,[ 862349 1005186  861272  970119 1110843]
1269,[1057260  908318  899624  834484 5592931]
1270,[1026118 1106523  908846 1037863  910032]
1271,[1038217  951590  878996  896369  835098]
1272,[ 868764 1005186 6602697 1039156  865330]
1274,[1070820 8090537  951590 8090521 1055863]
1277,[1106523  882441 1133018 1092026 1132770]
1278,[ 916122  962229 1106523  944534 1006184]
1279,[898980 951590 969866 965766 907014]
1280,[5668996 1058997  890610 1106301 1082185]
1281,[ 844165  907014 1033615  953476 1128016]
1282,[ 951590  823758 5585510 1043590 1106523]
1283,[1071939  907014  914190  989101  849843]
1284,[8205218 1106301 1123792  951590  999971]
1285,[5569230 1101173 1039156  908531  985999]
1287,[ 862349  861272 1005186 1133018  854852]
1288,[862349 923746 999971 870547 897954]
1289,[1110572 1085604  892008 1037894  866227]
1290,[1074524 1013321 1133018  849843 1002558]
1291,[ 962229 1132771 1106523  826249  981760]
1293,[ 999971 1001148  882441 1132770  861272]
1294,[1126899 1058997 1116821  976199  962568]
1295,[1029743 1076875  995242  844165 1053690]
1296,[1005186 1124729  949616  901062  995242]
1297,[ 870515 1003600 1026118 1041259 1037863]
1298,[ 883404 1096317  999104 1004906  839849]
1299,[8090521  913210  896085  897125  857849]
1300,[1106523 1026118 1126899  962568 1133018]
1303,[6534178 8090521  976199  870780 1029743]
1304,[ 923746  882441  840361 1029743 1132770]
1305,[ 983584  944139 1106523  908531 1076875]
1306,[1005186 1070015  951590 1134522  952317]
1307,[1095275 1005186 1082185]
1310,[ 849843 1080331 1091365  833025]
1312,[1068719  923746  983584 1039156  926905]
1313,[1058779 8090521  890610 1029743]
1314,[6534178 1029743  868764  976199  923746]
1316,[ 982790  962229  925626 1029743 1134522]
1317,[1120741 1029743 1005186 1110843  844165]
1318,[ 821083  908846 1041259  854852  976300]
1319,[ 868764  880150 5569845  860975 1058997]
1321,[ 892008 1106523 1075470  930917 1133018]
1325,[1081177 1110793 1041157  986947 1137775]
1326,[6533765 6534178 1029743 1002558  983584]
1328,[ 844165  951590 1132770  898980  912681]
1329,[1110843  908531  986912  866211  962568]
1330,[ 856252  987562 1106523 1124729  911812]
1331,[1029743 1041796  822407 1068719  845208]
1332,[ 834484 1116821  860776 1039156 1053690]
1333,[1126899 1128016  908531 1027569  990797]
1334,[ 844165 1080414 1092026 1076875  925514]
1335,[970119 861272 878996 862349]
1336,[ 833025  979707  847982  911812 1138443]
1337,[ 962229  983584 1080414 5569230  952317]
1338,[ 839849  874736 1092026  844165  994928]
1340,[ 951412  849843  874736  861272 1056651]
1342,[ 986912 1024306 6534178 1082185]
1343,[1005186 1085604 1095275  832678  879755]
1344,[1029743  847789 1082185  883932  919534]
1346,[6534178  480014  866211  866227]
1347,[1107553 1037894  925626 6534166  951412]
1350,[ 849843  898980  965766 1037863 1051323]
1351,[ 860975 1133018 1015247 1106523  896369]
1352,[ 900802 6534178  951412  976199  987562]
1353,[1057260  833025 1137775 1132771  840361]
1354,[1005186  995242 1038217 6534178  911470]
1355,[ 914190 1077555 1022254  871756]
1356,[1070820  935284 5569230  981760 9705473]
1357,[5582789  860975 1070820  970119 6534178]
1358,[ 844165 1076875 1092026 8090509  995242]
1359,[ 849843  893018  916122 1030819  883003]
1360,[ 930118 1082185 1123792 1065593 1132280]
1361,[ 951590 6034857 1007195  951412  878996]
1362,[1105488  825541 1087102 1119051 1024306]
1363,[1082212 1065593 1110843 5569230  933835]
1364,[1005186 1082185 1029743 1041259 1022254]
1366,[1119051 5585635  849843  927191 1058997]
1367,[1126899 6534178 1110572 1070820  940947]
1368,[1070820 5569471  916122  929668  834117]
1369,[1126899 1119051  981760 1082185  914190]
1370,[ 1110572   919534  8090521  1000753 12810393]
1373,[6034857 1110843 1042907 5569471]
1374,[1133018  944534 1037840  892008 1081177]
1375,[6034857 1071939 1070820  962568 1119051]
1376,[6534166 6533889 8090537 6534178  883404]
1378,[8011397 5584027 1062002 5587133 5590287]
1379,[ 962229  862732 1029743 1022003 6534178]
1380,[ 911812  986947  908846 1119051 5569374]
1381,[1124729 1133018 1062002  933637  938566]
1382,[ 867188  962568 1106523  940947]
1383,[1077975  909714 1055646 1026118 1013321]
1384,[ 882441  849843  847789 1133018  880150]
1385,[1122358  849843  883404 1029743 1022254]
1387,[944534 844179 899624 827180]
1388,[1076875 1039156 1027168 1106301  990797]
1389,[1058997  885290  981760 1105488  827180]
1390,[ 849843 1005186  962229  994928  995242]
1391,[6534178 1096036 1110843 1006184  872137]
1393,[1058997 1051516 1119051 1126899  901062]
1394,[ 862349 1119051  962229  940947 1003600]
1395,[1126899 1048462 1058997 1082212 1113588]
1397,[1058997 1106523 1005186  883404  832678]
1398,[1072523 1136257 9553031  844179]
1399,[6034857  995242  860776 1082185]
1401,[1044078  480014 1023958  976199  844179]
1402,[1057260  849843 1082185  923746 1106523]
1403,[1075368 5569230 6534178  951590 1039156]
1405,[1056509 5588666  976199  854405  871756]
1406,[1138443  933835  849843  918368 1082185]
1408,[ 951590 1029743  928049 1133018  995242]
1409,[ 908531 1133018  834484 1134522 1042438]
1410,[1029743  994928  844165  874972 1026118]
1412,[ 885290 9677202  832678 1029743  965766]
1413,[ 969866 1051323  939636 1043590 1082212]
1414,[1126899  847789  916767 1058997]
1417,[6533889  898980 6773204 1133018  913210]
1418,[ 820165 1082185 1029743]
1419,[1085604 1070015 1133018  908531 1106523]
1421,[1053690 8090521  962229 1092026 1076875]
1423,[ 986947 6534178 9553031 1001148]
1425,[1101010 8090537 8090521  845193  940947]
1426,[ 861272 8090537  919534 5568378 8090521]
1427,[995242 909714 840361 923746 986912]
1428,[ 879755  833025 1003188  913210  938700]
1429,[1126899 1058997 1065593 1124729]
1430,[1126899  885290 9677202  962229 6534178]
1431,[1110572  832678  820165  866140  999104]
1434,[1075368 1053690  894236 1065593  883404]
1437,[ 995242  911215 1044078 1036432  824555]
1440,[ 844165 1056509 1106523 6534178 1029624]
1443,[1082185  893501 1053690]
1445,[ 909714  951412 6034857 8090509 1119051]
1447,[6534178  844165  879755 1076875]
1450,[6533765 6534178  849843 1124729]
1451,[1070820  824005 6534178  970119  896369]
1452,[ 989101 5590287  866227 1039156 5584027]
1453,[1005186 1110572  986912 1058997 1138189]
1454,[5569374 5584007 5569471 5588666  834484]
1457,[ 987724 1044078 1085604 1106523  863447]
1458,[ 990797  976199  933067 6534178 1105488]
1459,[1082212  872137  870515  870780 1110843]
1461,[1029743 1000753  895540 1070702 6534178]
1462,[ 885290  890695 1062002  995242 1022254]
1463,[ 986912 1080414  994928 1074524 9337581]
1464,[ 908531  916122 1071939  923746 1133018]
1465,[  976199  1039156   971922   894236 12263788]
1466,[1404121 1082212 1058997 1122358 1126899]
1467,[1085604  866227 1080414 1110572  861445]
1470,[1070820  862349 1029743  995242 1056509]
1471,[ 1126899 10285144   913210  1039156]
1473,[1126899  903325  866211 5568729  866227]
1474,[1070015 1053690  933835  883932  856772]
1475,[1057260 6533889 1070820 1056509  862349]
1476,[6533889 1058997 6534166  995242  843756]
1479,[ 879755  989101 1029743 1058997 5568378]
1480,[1029743  839849  994928  995242]
1481,[885290 861272 995242 879755 971922]
1483,[5569230 6534178  883404 1123792  928049]
1484,[1058997  921744 1095275 1127831  929668]
1485,[1106523  971922 1075368 1056509]
1487,[ 940947 5569230  832678  951197  987724]
1488,[1110572 1126899 1058997 1092026 1053690]
1489,[ 976998  908531  953476  933835 1065593]
1490,[976998 953476 995242 916122 944139]
1491,[ 901062  820165  986947  951590 1053690]
1492,[1105623  849843  962568  994928 1051211]
1493,[1097001 1015247 8090521 1106523 1133018]
1494,[1033615  857849 1068719  984715  907014]
1495,[ 986912 1022254 1003600  907014  953476]
1499,[ 872137  914190  933835 8090532 1137688]
1500,[1122358 5568378  951590  857849 6533765]
1501,[1070820 1119051  860776 1095275  872137]
1502,[1022872 1138189 1076056 1070820  971922]
1506,[ 898980  976998 1043301  866140  994928]
1507,[ 879755 1043751  962568 1037894  883932]
1508,[1058997 1126899 1122358  951412  981760]
1509,[1042438 1029743 6534178 1037840 1077555]
1510,[ 894236  986912  866227 1005186 1039156]
1511,[ 862349 1133018 1106523  845193  873627]
1512,[1404121 1005186  986912 1051069]
1513,[1053690 1053763 5592931  900491  951526]
1514,[1126899 1058997  995965 1006184 1003600]
1515,[ 971922  962229  933835 1101010 5569230]
1517,[1070820  862349  908531  951590 9677202]
1518,[ 863447 1082212  883404 5585510  874972]
1519,[1070820 5569230 8090521  944836 6034857]
1520,[6534178  826249  834484 1029743  995785]
1521,[ 919644 1113588  883932  819978 1039156]
1523,[1120741  874736  893018  983584 1029743]
1524,[1126899 6534178  965842 1082185 5585635]
1525,[1033615  849843  844165  885290  871756]
1526,[ 865330  860975 8090537  986912 1133018]
1527,[ 951590 5569471 6534178 1029743  872137]
1528,[1075368  844165 1053690  983584  908531]
1529,[ 6534178  1030819   830750  1106523 12810393]
1530,[1028816 1082185 1003600  908846  970030]
1531,[ 935284 1404121 1058997 1055853 1126899]
1532,[ 868764  914190  894236 1095275 5569471]
1533,[1102959  879755  986912 1070820  825541]
1534,[1070820 1005186 6534178  923746  999971]
1535,[ 844165  832678 1005186 1053763 5569327]
1536,[1075368 1126899 6034857 6534178  868764]
1537,[1106523 6534178 1029743 1098066 1082185]
1539,[1082185 6534178 1029743  995242 1106523]
1540,[ 874736  844165  894236  893501 1113588]
1541,[ 940947  925626 1028816  901062  962229]
1542,[ 821083 1133018  843756 1004906  870547]
1543,[1053690  953476  995242  914190]
1545,[1106523 1022254  833025  847789 1091365]
1546,[ 908531 6533765 1132771  965766  999971]
1547,[ 893501  894236 6534178 1023958  995242]
1548,[ 953476 1053690  916381 1065593  965842]
1549,[ 986912  866227  849843 1122358  860975]
1550,[1113588  999971 1033615 7167218  985119]
1552,[ 944836 1029743 1048462 1022981]
1553,[ 987480 1038217 1015247  878302  913202]
1555,[1022003  866227 1005186  844165  995242]
1556,[ 995242 1082185  840361 1096036  962568]
1557,[ 1026118  1106523 12263788   845208   860776]
1558,[1041259  873627  995242  976998 1091365]
1559,[1075368 1053690  854852]
1560,[1039156  883404  823704  923746  965766]
1563,[ 894236 1039156 1119051 1126899  951412]
1564,[ 823758  854852  866227 1028816]
1566,[ 976199 6534178 1003600 1022254  995785]
1567,[ 937626 1051516 1082185  986947  910032]
1568,[1133018  883404  923746  903325  826249]
1569,[ 905539  985119  820165 1044805  995242]
1570,[ 894236  979707 1041259  820165  904360]
1571,[10285144   913210  1027569  1055863   944836]
1572,[1058997 1126899 1039156  896085]
1575,[ 862349  901062 1026118 1022254  820165]
1576,[1037863  834484  911812 1077490 1029743]
1577,[1029743  883404 1003188  857849  866211]
1578,[1076875  916122 1075368 1022003 1038217]
1579,[1005186  951590  908531 6534178 8090532]
1580,[ 882441 1132770 1005186 1106301  865330]
1581,[1070820 1062002  901062 1117514  916122]
1584,[1053690 1106523 1029743 1127624  981760]
1585,[1126899 5569471 1009449 1058997 1107553]
1587,[ 859075 1029743  919534 1055646]
1588,[1095275 6602697  901062 1137688  862349]
1590,[ 944836 1070820  995785 5568378 1026118]
1591,[1070820 6534166  916993  862349  896085]
1592,[6534178  903325 1043301  823704  834484]
1593,[ 861272  986912  962229 1077490  979707]
1594,[6533765 1106523  865456  883404 1085604]
1595,[ 971922  860975 1137775 1005186  987562]
1596,[ 861272  953476  885290 1041259 1051211]
1598,[ 986912  951590 1005186 1085604 1056509]
1599,[ 951590 1065593 1043590 1002558 1133018]
1600,[ 847789 1106523  832678 7441391]
1602,[1070820 1095275  944836  903325 1137688]
1604,[ 832678 1051211 1022003 9526563  856772]
1607,[1091365 1110843 1138443 1005186]
1608,[ 839849 5585635 5584027  860776 5590287]
1609,[6533889 1070820  951590 6534166  909714]
1611,[1037840  844165 6534178]
1612,[1070820 1005186 6534178 1082185 1027569]
1614,[ 862732  895540  894236 1022254 1404121]
1618,[ 862349  971922 1138443 1006184  903325]
1619,[1117514 7441391  834484 1082185  939636]
1620,[1110572 1106523 1133018 8205218 1053690]
1621,[ 849843 1092026 1106523 1101010 1132770]
1622,[1062002  890610 1029743 1022254  860975]
1623,[6533765 6534166  999971 1106523  883932]
1624,[ 986912 5569230 1026118  912681  993638]
1627,[6533765  865330  909714  894236  860776]
1628,[1110572  861445  986912  898980  840361]
1630,[ 894236 5585510 1106523 1056509  944534]
1631,[1120741  882441  874736 1076875 5569327]
1632,[6534178 5585635 1070820  916993]
1633,[ 976998 1101010  951590  854852  916993]
1634,[1070820  907631  866227 5569327 8090537]
1636,[ 999971  845208  909714  901062 1085604]
1637,[ 971922  986912 1014948 1039156]
1638,[1058997  820165  860776  995965  939578]
1640,[1106523  879755  995876 1065593  937626]
1641,[1126899 1076875 1404121 1058997  908846]
1642,[ 845208  862349 1106523  995785 1133018]
1643,[ 868764  882441 1132770  839849  844165]
1644,[ 903674 1014948 1128016 1087102 1102959]
1645,[ 921744  976998  951412 1108168  944534]
1646,[1126899 1058997  872137  983584 1137688]
1647,[ 986947  898980  981760 1082185]
1648,[1106523 6534178 1028816  983584  845208]
1649,[1133018 1051516  970030  995785  870780]
1650,[6034857  962568  834484 1037863  866211]
1651,[1041259 6034857  900802  901062 1057260]
1652,[ 844165 8090536 1075368 5568378]
1653,[ 894236 1039156 1119051  999971 6534178]
1654,[ 894236 1028816  893501 1009449 5569471]
1657,[1053690  866227 1106523]
1658,[ 984715  995785  981760  979707 1004906]
1659,[1028816  824005  968215 1041259 6034857]
1660,[ 923746 1113588 5568378 6602697  866140]
1662,[1126899  919644  999104 1137688  951412]
1663,[6534178  839147 1128665  926646  987480]
1664,[ 868764 6533889 1070820  870547 1065593]
1665,[1116578  895540 1138189 1055853 1001148]
1666,[1122358  909894 1048462  983584 8090537]
1668,[1106523 6534178 1127624 1027569  872137]
1669,[ 867188 1126899  857503 1082185]
1672,[1132770 1043590  874736 5592931  951526]
1673,[1053690 1036501 6534178  883932 1106523]
1676,[1028816 6534166  968215  903325  824005]
1677,[ 885290 8090521 8090509  995242  872137]
1680,[1126899 1058997 5569471 1128016]
1683,[872137 911812 962568 826249]
1684,[1106523 8090521 1085604 8090537]
1685,[1058997  976199 1082185]
1686,[1005186 1022003  986912  883404  925626]
1687,[1126899  832678  976199  908531  835098]
1688,[1033615 1053690  995876  944534 6773204]
1689,[1000753  995242 6534178 1038217  994928]
1690,[ 832678  951590 1080414 1133018  863447]
1692,[1038217  999971 1077555 1022872  925514]
1693,[1126899 1028816 1110572  900802 1003188]
1694,[1070015 6533765  951590 1113588  918733]
1695,[ 989101 1095275  894236 1102959  976998]
1696,[1082212  860776 1070820 1138443  847982]
1697,[1044078 9527494  926905 5569845]
1698,[879755 927191 999971 907631 834484]
1699,[ 993638  874972 5569327  847982 5569845]
1700,[1101173 1001148 5568378  990797 8090509]
1701,[ 970119 5569230 1003600 5568378 1026118]
1703,[1057260 1106523 1039156 1110572 5592931]
1704,[ 866227  935284 1132770  925626]
1705,[1070015  985119 5592931  826249  857849]
1706,[5590287 5588666 5585735 5584027 1122358]
1707,[ 1085604   861445   995242  1050851 12263788]
1708,[ 951590  994928  919534  995242 1029743]
1709,[1080414 1110793  995242 1133018 1132280]
1710,[5590287 5584007  995242 1106523 1133018]
1712,[ 849843  833715 1082185 1003421]
1713,[1028816  913210 1082185 5569230 1076881]
1715,[ 847270  951412  820165 1126899 1130858]
1716,[12302069   861272  1085604  5592931   824555]
1717,[1077555  900802 1029743  898980  995242]
1718,[ 979707 9553031  962568]
1719,[ 929668  849843 8090521 1106523 5569471]
1720,[ 909714 1070820  951590  834117  885290]
1721,[1041259 1022254  999270  962568]
1722,[1126899 1058997 1051516 5585635 5590287]
1723,[1018740  834484 1040807 1101010 1057260]
1724,[1126899  824005  916993 5585635]
1726,[ 970119 1041259  872137 6534178  866211]
1728,[ 861272 1126899  926905  826249 1096036]
1729,[1110843 1075368 1056651  893501 1092026]
1730,[6534178 6533765 1108168 5569471]
1731,[1058997  849843  947798 1087102  847982]
1732,[ 860975  873627 1029743  914190 1003188]
1733,[ 986912  885290  879755 1080414  844179]
1734,[1075368  908846 1026118 1118393  962229]
1735,[ 951590  824005 1056651  995242  999104]
1737,[5587133  927191  901062 1105623 1095275]
1738,[1040807  843756 5568729 1130858  937626]
1739,[1048462 1133018  908531 5568378  928049]
1740,[1075368 6533889 1056509 1029112 1112238]
1742,[ 826249 1072523 1098066]
1743,[ 908531 6534178  990797 6773204 6534166]
1745,[1096036  882441  983584  874736  871756]
1747,[6534178  962568  900802 1106523  893501]
1748,[ 947798 1106523 7441391 1133018 6534178]
1749,[ 862349 6534178 1006184  938566  873627]
1750,[909714 870780 849843 990797 986912]
1751,[1070820  862349 1053690  927191  824005]
1752,[ 951590 1065593 1075470 1133018  844165]
1753,[ 879755  986912  866227 1037894  844165]
1754,[6533765 5585510 1053690  909894  962229]
1755,[ 951590  859075 9337581  870515 1101173]
1756,[1075368 1070820 1126899 5590287 5584007]
1758,[1126899 1058997 1132771  849843  847789]
1759,[1058997 5582789  883404 1044078  940947]
1760,[ 983584 1004906 1029743  995242]
1761,[847789 854852 993638 923746]
1762,[ 983584 6534178  908531  844165  824005]
1763,[1037840 1106523 1041259  908846 1037863]
1764,[1126899 1075368 5569374 1058997  901062]
1765,[1070820  862349  844165 1053690 1055646]
1766,[1005186  866227 1037894 1040807 1026118]
1767,[ 824005 1022003 1081177 1055646  860776]
1768,[1105623 1096343  999858  899624 1038217]
1769,[ 872137 1039156 1040807 6602697 8090537]
1770,[ 989101 1070015  979707  995242 1082185]
1773,[5569471  860776 1056509  916122  862349]
1774,[8090537 8090521  990797  951197  973861]
1775,[1126899  893501 1058997 1005186  908531]
1776,[1116821 1082185  855468  986912  862349]
1778,[6534178  938566  870547  962229 1029743]
1779,[1070820  866227  845208 1101010 1004906]
1780,[1065593  939636  857849  908318 5592931]
1781,[ 995242 1123792 1028816 6534166]
1783,[1058997 5569471 1132771  857849  979707]
1784,[ 979707  962568 1082185]
1785,[1126899 1058997  847789  866227  820165]
1787,[1119051  849843 1033615 1043590  861272]
1788,[ 909714 1003600 1051516  951412 1022254]
1789,[1095275  987562 1110843 8090537 1005186]
1790,[1056651 1082185  834484  834117 1004906]
1791,[1039156  995242  845208  916122 6534178]
1792,[1075368 1039156  962229  847982  909894]
1793,[ 969866  939636 8205218  849843 1122358]
1794,[1110572 1070015 1053690 8090536 1106523]
1795,[ 862349 1070820 1085604  949616  866227]
1796,[ 965766 1029743  951590 1037840  856772]
1797,[862349 860776 854852 834484 824005]
1798,[1028816  866211 6034857  909714  834484]
1800,[ 908531 6534178 1082185 5568729]
1801,[1085604 1127624 6534178]
1802,[ 885290 1101173 1041259  854852 1127831]
1803,[ 951590 1022254 1029743 1096036 1133018]
1804,[  937626 12263788  6534178  1127831  1029743]
1805,[1110843 1075368 1005186  921744 1110572]
1806,[1126899 1076875 1091365 1029743  893018]
1807,[ 1058997  8090536 12263788   976065   893501]
1808,[1037840  894236 1053690  866227 1057260]
1809,[5582789 8090536 5585635  995242 1053690]
1810,[ 908846  976998  849843  994928 6534178]
1811,[ 882441 1106523 1055863  923746  999971]
1812,[1070015 1110843 1071939  979707 1033142]
1814,[1014948  951590  976199  849843  893501]
1815,[1057260  989101  825541 6534178  833025]
1816,[ 866227 1028816  908531  863447 1029743]
1817,[ 995242 1043301  872137  908318  821083]
1818,[1041259 1037863 1082212 1133018  883404]
1821,[ 983584 8090521 1106523  933835 5568378]
1822,[1029743 1070015 1085604  986912 1062002]
1823,[1070820  862349  847982 6602697  883003]
1824,[ 983584  962229 1106523  834484  908531]
1826,[1022003  908531 1029743  995242  999971]
1829,[ 995242 1096317 1082185 8090537 6534178]
1831,[1058997 6534178  857503 1029112 1098248]
1832,[ 826249  944534  971165 8065410]
1833,[ 908531  994928 1000753  838186 1034686]
1835,[1005186  933835 1074524 1003600 6534178]
1836,[1058997 1082185 1112238 5582789 6534178]
1837,[ 965842  986947  854852 6534178  821083]
1838,[ 849843 1041796  899624 9553031  827180]
1839,[1106523  866140 1133018  913210  897125]
1841,[ 872137  999858  994928 1062002 1003600]
1843,[ 908531 5569845  882441 1070820  874736]
1844,[916122 847270 979707]
1845,[1126899 1119051 1003188  976199 1127831]
1846,[ 908531 1133018  965766]
1847,[ 862349 1070820  951590 5569230  995785]
1848,[ 986912 1005186 1082185 6534178]
1849,[1005186 1074524  995242 1029743  916381]
1850,[ 862349 1062002  834484 6534178 1127831]
1853,[1043590  981760 1029743]
1854,[1077975 1062002 6534178 1003600  909894]
1856,[ 866227  986912 1095275  862349  879755]
1857,[1092026 1085604 6534166 6533889 1106301]
1858,[1058997  995785  860776 1062002  999104]
1861,[ 925514 1029743  938700  965766  981760]
1862,[1095275 1028816 1091365 1005186 8090532]
1864,[1057260  965842 1051516 1024306  968215]
1865,[ 862349 1058997  866227 1110843  894236]
1867,[ 897954  916122 1080414 5569471]
1868,[8090537 1106301 1113588  844165  908213]
1869,[ 940947  995965 1050851 5568729 1126899]
1871,[1003600  986947  854852  847270  995785]
1872,[6534178 1027569 1136257  859075 1082185]
1873,[ 962229 1106523 6534178 6533765 1085604]
1876,[ 856772 1082185 6534178 1029743  995242]
1877,[1122358  983584 1029743  844179  987724]
1879,[1077975  951590  933835  976998 1132771]
1880,[1061220  865330  927191 1029624 1133018]
1881,[ 901062  849843  995242  913210 1082185]
1882,[1070820 1075368  849843  862349  873627]
1883,[8090521 1096036  850841 5569327  919534]
1884,[ 866211  883932  856252 1118393]
1885,[6533889 1058997  909714 1043301]
1886,[ 882441  879755  894236 1092026  844165]
1887,[ 908531 1009449 1126899 1095275  820165]
1889,[ 944836 1132771 1048462 1101173  894236]
1890,[1126899  961554 1051516  916122 1082185]
1891,[ 995242  908531  944836  983584 1082185]
1892,[1033615 6533765  995965 6534178  879755]
1895,[1044078 1014948 1034499  883404]
1896,[ 1075368 12263788  1037840   971922  1085604]
1898,[1005186  871756 1082185]
1899,[1122358  951590 1040807  883932  866211]
1900,[1132771 1070820  940947 1087102 5569471]
1901,[1005186  879755 6463658 9527487  951590]
1903,[ 868764  999971 1112238 1106523]
1904,[1058997  994928 1005186 1126899  986947]
1906,[1023958 1041259  856772  995242  908318]
1907,[1057260  999971  976199 1009449 1037894]
1909,[1053763 1036432  994928 5569230  918733]
1911,[6534178 1044078  844179]
1912,[ 1022003 12302069  1038217   911470  1029743]
1914,[1051069  913785  987480  995242  918335]
1916,[ 885290  969866 1053763 1133018  873627]
1917,[12263788   896085   923746   909894  1106523]
1918,[  890610   893501   995965 12263788   872137]
1919,[1113588 1065593 1026118  908531 1133018]
1920,[ 862349 1137688  903325  968215  995785]
1922,[1126899 1132771 1112238  849843 5585635]
1923,[6534178  901062  961554  903325  995785]
1924,[ 983584  908531 1132771 1101010  995242]
1925,[ 901062 1056651 1082185 1024306 1029743]
1926,[ 914190  907014  994928 1068719]
1927,[5585510  951590  930917  918733  863447]
1928,[ 862349 1085604  983584 1070820  908531]
1929,[ 951590  933835  834484  860776 1024306]
1930,[1051323  826249 1085604 1122358 1075368]
1931,[1133018  823704 1082185  923746  840361]
1932,[1076875  951590 1053690 1013321 6534178]
1935,[6533889 1126899  999104  986912 1005186]
1936,[1085604  962229  971922 1138443  839147]
1937,[ 999104 1028816 1070820  976998  962229]
1939,[896085 926905 833025 859075 910032]
1940,[ 861272  860776 1026118 1082185  995785]
1941,[ 947798 1133018 1044078  976955  883404]
1942,[1110572 5569230 5585510 1053690 1106523]
1943,[1033615 8205218 1053763 1029624  883404]
1944,[1070820 1056651 1137688  908846 1022254]
1945,[ 832678  970119  999971  839419 5569374]
1946,[1070820  923746 1082185  916122  897125]
1947,[1126899  933835 1040807  845193  951590]
1948,[1058997  916993 1065593 1062002 1022981]
1949,[1127831  923746 1033615 1044078 5592931]
1950,[ 847789  962229 1044805 1119051  862139]
1951,[1127831 1135768  850841 1055646 1082185]
1952,[1029743  944534  900802 1075470 6534178]
1953,[1050851  993638 1033615  981944 1106301]
1954,[1026118 1041157 1041259  962568 1005186]
1955,[ 989101 1050851  879755  832678 1133018]
1956,[1126899 1070820  933835 5569374  951590]
1957,[ 962229 1040807 1055646  944139 1029743]
1958,[ 824005 1005186  989101 1053690  857503]
1959,[ 896085 5569471 1119051 1040807  923746]
1960,[ 862349 1070820 6534178  831628 1044078]
1961,[ 849843 1106523  931671  982790 1107553]
1962,[1056509 6534166  976199 1022254  900802]
1963,[5569471  862349  834484  903325  979707]
1964,[ 862732  905913  979707 1055646 1037863]
1965,[1058997  866227  908531  883404  893018]
1966,[986947 944836 820165 862349 847270]
1967,[ 844165  860776  962568 6534178  911215]
1968,[ 849843  897125 1056651 1113588 1082185]
1969,[1081177 1065593 1029743  860776  826249]
1970,[1033615 1113588  999971 8090521 1110572]
1971,[1058997 1029743  905539 1097001 1082212]
1975,[ 849843  883003  951590  908846 1138443]
1976,[ 999971 1106523  976998 1053690 1133018]
1978,[1009449 1137775 1110793 1022981 1082185]
1979,[1133018  860776 1106523 1082185 1069415]
1981,[1126899 1082212  860776 1122358  995785]
1982,[6533889 5582789 1058997 5585635 5590287]
1983,[ 986947  961554  866211  908318 1024306]
1985,[5569230 1106523  962229 1048462  901062]
1987,[ 847789 1126899 1118393  910291 1082185]
1988,[1106523  903325  923746  840361  908531]
1989,[1005186  870515 1110843 1058779 1003188]
1990,[ 1126899 12263788  1029743   995965  1098066]
1991,[ 931671 7167218 9526563  833723 1044078]
1992,[1042438 1057260 1039156 1119051 8090532]
1993,[1133018 1005186  879755 1018740  844165]
1994,[1091365 1126899 1039156  979746 1053690]
1995,[ 901062  854852  923746 1106523 1029743]
1996,[ 926905  981760  944836 1092026  940766]
1997,[ 821083 1126899 1058997  903325 1022254]
1998,[1053690 1133018  874736  908531 5592931]
1999,[ 820165  847982 1055863  896369  986912]
2000,[1106301 1050851  926905 8090521 8090537]
2001,[1126899 6534166  862732  883003 1138443]
2003,[1058997 5569471  861272 1003600 1005186]
2004,[ 999104  890695 5568378  849843  995242]
2005,[ 878302  866227 9526886 1043590 6463658]
2006,[ 893501 5569471  916993 5584007 5588666]
2007,[1106523  961554 6534178  849843  981760]
2008,[1126899  885290  913210  995242  826249]
2010,[962229 965766 994928 995785]
2011,[ 894236  893501 1006184 1065593  976998]
2012,[ 882441  845193  860975 1132770 1053690]
2014,[ 999971  995785  979707 1133018]
2015,[ 940947  896085  883932  865528 1052912]
2016,[1085604 1127624 1113588 1132770  833723]
2017,[1126899  983584 1070820 5585735 5584007]
2018,[1106523 1009449 1028816 1137688  880150]
2019,[1085604  953476 1037840  883404 1037894]
2020,[ 895540 1132771 6602697  986912 1137688]
2021,[ 951590  909894  883932 1044078  900491]
2022,[1029743  854852  896369  979707  859075]
2023,[ 826249  962229 1119879]
2025,[ 861272  976199  867188  940947 6534178]
2026,[916122 944534 892008 984715 923746]
2027,[1068719  871756  823758  923746 1119051]
2028,[8090509 1045220 5569230 5568378  944139]
2029,[ 962229  944317  994928 1056651 1028816]
2030,[ 944836  927191  971922 1087102 1027569]
2031,[1120741 1133018  849843  860975  832678]
2032,[1070820  862349  860975  883404  878996]
2033,[6534166  870780  859075 1042907 1082185]
2034,[1126899 1058997  903325  995785 5585635]
2036,[1126899  885290 1024306  933835  944836]
2037,[ 849843 1070820  994928  844165  840361]
2038,[ 849843  844165 1132771  916381  840361]
2039,[1080414 1085604  911812 1051323 1056509]
2040,[1080414 1029743  994928  883404]
2041,[ 872137  923746  896613 1045220  840361]
2042,[1126899 1062002  933835  923746  843756]
2043,[ 849843 1106301 1061220 8205218 1053690]
2046,[1053690 1110572  879755  861272  944836]
2047,[6534166 8090537  879755  933835 1096317]
2048,[1106523 1005186  981760]
2049,[ 976199 1056509 1057260  999104 1101173]
2050,[ 857503 1096036  899624  847982  845208]
2055,[1133018 1041259 5568378  835098 1102959]
2056,[1106523  962229  937626 8090521 1106301]
2057,[6534178 6533765 1055863 1027569 1070820]
2058,[5569471  903325 1022254  847270  872137]
2059,[1126899 1082212 1023958  896085 5569230]
2060,[ 986912 5569230  844179]
2062,[1058997 1022254 1126899  987562 1070015]
2063,[ 866227  986912  862349 1005186 1022254]
2064,[1056651 1095275 1005186 1028816 1041259]
2065,[1101173 1055646  883404 1092026 1110843]
2068,[1070820  862349 1022003 1050229 1055646]
2070,[1085604 1055863  878302  949616  989101]
2071,[ 933835 1004906  949616  845208  986947]
2072,[1070820  893501 1082212 1119051 5592931]
2075,[6533889 1065593  840361  953476  860975]
2076,[1058997  854852  824005  870780  981760]
2077,[ 903325 1106523 1082185  896085  845208]
2079,[ 908846 1106523  923746 1026118  860776]
2080,[8090521  919534  962229  995785  985427]
2081,[ 927191 8205218 1106523 1001148  879755]
2082,[ 995242 6534178  832678  994928 1029743]
2083,[1070820 1005186  862349  990797 1037863]
2084,[6534166 6034857  860776 1098248  981760]
2085,[ 962229 1101010  844165 1110572  983584]
2086,[1107553  879755  868764  834484 5585510]
2087,[ 916993  860975 1137688 1085604 8090521]
2088,[ 893501 1022003 1106301 1128016 1029743]
2089,[1126899 1056651  847789 9337581]
2090,[1098066  847789  826249 8205218 1014948]
2091,[ 933835 1048462 1138443 1043751  995242]
2094,[1057260 1070820 5569374 5585635 1082185]
2095,[6533765 1005186  951590 1068719  986912]
2099,[1026118 6533765  962229  895540 1101010]
2100,[1022003 1133018 1118393 1117514 1037863]
2101,[ 983584 1101010  849843  819978  883003]
2102,[ 940947  962229  854852  995242 1055646]
2103,[1057260  962568  893501 1137688 1077555]
2105,[1005186  999971 1133018 1106523 1058779]
2108,[5584027 1133018  923746 1001148 1062966]
2109,[1033615  893018  981760 8065410 1041796]
2110,[6034857 1106523  925514 1029743 1082185]
2111,[1058997  908531 6534178  981760]
2112,[1082212 1126899 1037863 5585510 1055646]
2114,[ 986912  885290 1005186  933835  901062]
2115,[1070820 5569471 6534178 5569845 1013321]
2116,[12263788  1070820   862349  1039156  6534178]
2119,[ 870547  961554 1056509 1117514  919534]
2120,[ 480014 1082185 6534178 1029743  995242]
2121,[1057260 6534178 1036501  995242  868764]
2122,[1070015  914190  926905  901062  883932]
2123,[ 832678 5569230  926905 1137688  995242]
2124,[1126899 1062002  895540 6602697 6534178]
2125,[ 883003  911812 6534178  995242  849843]
2126,[1107553  868764 1028816  909894  903325]
2129,[5569471 1108168 1050851 1029743  849843]
2130,[ 872137 1106523  903325  983584  834484]
2131,[1022254  986912  838186  863447  861445]
2132,[ 986947  990797  901062  820165 1117514]
2133,[1126899 1058997  840361 1137775  911812]
2134,[ 962229 1048462  844179  863447 1082185]
2135,[ 908846  870515 6534178  870780]
2136,[ 901062 1058997  986947  834484  981760]
2137,[ 860975  909894 6534178  995242 1043590]
2138,[ 893501 1053690  985119 1029743  833723]
2139,[1005186  859075  987480 1002558  867188]
2141,[1070820 1120741  933835  971922  951590]
2142,[5568729  913210 1022003 1038217 1029743]
2145,[5569374  866211  971922  896085 1058997]
2146,[1053690  944836  857503  973861 1030819]
2147,[1051516 1028816 1106523  903325  933835]
2148,[ 951590 1133018 1101010  981760 1068719]
2149,[6534166 1133018  937626 1106523  834484]
2151,[ 849843 1075470 1122358  976199 5592931]
2153,[5592931 1077490  845193 1122358 1044078]
2154,[ 986947 1106523 1124729  999270  883404]
2155,[1028816  866227  944534 1077555 6773204]
2156,[1122358  861272  913210 8090537  913202]
2158,[ 862349 6534178  970030  833025 1037863]
2159,[1133018 5592931  979707  923746]
2160,[999971 976199 995242]
2161,[1126899  944836 1053690  890610  951590]
2162,[ 896085 6534178  995242 1070015  908531]
2163,[ 908531  862349 5569471 8090532]
2167,[1106523 1095275  933835  983584  929668]
2168,[8090521  916381  999971  847982  995785]
2169,[ 908846 5585510  883003  847270 1087102]
2170,[ 844165 1092026 6534178 1107553 1106523]
2171,[ 861272  951590 9526886  878302  826249]
2172,[1057260 1029743 1041259  995965  900802]
2173,[1062002  951590 1132771  868764  895540]
2174,[ 866227  999971 1005186 9526886  913202]
2175,[5584007  916993 5588666  971922  896085]
2176,[1404121  856772 1074524  883404  833025]
2179,[1110843  872137  903325 1070015 1119051]
2181,[1126899  933835  971922  914190 5569471]
2182,[1033615 1005186 1107553  835098  882441]
2183,[ 916993  908531  866227 6534178  895540]
2184,[1070015  844165  903325 1050229 5592931]
2185,[6534166  938566 1068719  865456  923746]
2186,[1075368 8090521 1085604  951590  944534]
2188,[1133018 1106523 1101010  819978  933835]
2189,[ 913210  937626  834117 1029743 1043590]
2190,[1039156  908531 1133018  883003 6534178]
2193,[1070820  862349 8090537  967395 1051516]
2194,[8090537 1003600  995242  995785  866211]
2195,[1126899  893501  995965 1138443  867188]
2196,[1053690  995242  844165 1082185  849843]
2197,[ 865456 1056651 5569230 1102959 1085604]
2198,[1056509  986912  953476  901062  890610]
2199,[1126899  916993 1070820 1101010  929668]
2200,[1062002 1092026 1096317  919534  981760]
2202,[1404121 1097001  951412  870515 1137688]
2203,[ 894236 1029743  951412  981760  979707]
2204,[1026118 5591038 1043590 1096317  821083]
2205,[895540 908531 926905 983584]
2206,[ 928049 9445919  995242  847270]
2207,[ 879755 9527487 7167218 1065593  995242]
2208,[5569230  940947 1106523 1128016  962229]
2209,[6534166  885290 1029743 1076875 1071939]
2211,[1126899 1082185 1003600 5569471  976955]
2212,[1118393 1055863  908213  882441 9527494]
2213,[ 933835  995965 1070820 1126899  866227]
2214,[1082212  868764 8090532  844165  919534]
2215,[1051516 1075368 1133018  880150  834484]
2217,[ 862349 1026118 1022254  976998  923746]
2221,[1058997 1082185  901062 1098248  962568]
2222,[5569230  870780  995242 1116821  981760]
2223,[ 839147  882305 1110572 1085604 1080414]
2224,[ 862349  868764 1070820  893501 1005186]
2225,[1041259  862349  872137  929668 1041796]
2226,[6534178 1082185  893501 1039156 1056509]
2228,[1037840  868764 1106523 8090532 5592931]
2229,[ 862349 1057260  893501 1053690  909894]
2231,[ 944836 1137688  968215 1041259 1082185]
2233,[1058997  908846 1003600 6534178  951412]
2234,[ 866227 1022254 8065410  880150 6534178]
2235,[6534166 6533889  969866  937292 1039156]
2237,[1058997  908531  994928  938566 1082185]
2238,[849843 919644 833723 847789 839147]
2239,[999971 983584 896085 908531 883963]
2240,[1106523  983584 1022003 1038217 5568378]
2241,[ 995242  923746 1029743  994928  914190]
2243,[ 971922  849843 1013321  938700 1043751]
2244,[1124729 5569327  907631 1022872 1038217]
2245,[6533765  861272  995785  849843  938700]
2247,[ 872137  832678 1033615  912681 1106523]
2248,[1009449  995785  859075 1043301  965766]
2250,[6534166  867188  919534  827180  914190]
2252,[ 916767 1058997 6534178 1056509 1092026]
2253,[1065593 1062966  916767 1058997 1033615]
2256,[1051211 5585635 5584007 5588666  919644]
2257,[1106523 1133018 1068719 1065593]
2258,[1126899 1110572 1051323  929668  936594]
2259,[1033615 1026118 7441391 1055863 1124729]
2260,[1096317 6534178  854852 1029743  923746]
2261,[ 983584 1037840 1122358  926905 1106523]
2262,[1122358  861272  882441  849843  893018]
2263,[ 849843  986912  976199  995242 1033142]
2264,[1126899 1058997  860776  995965  908318]
2266,[ 862349 1028816  900802 1107553 6602697]
2267,[1126899  913210  849843 1041259  860975]
2269,[ 951590  826249 5568729  844179  916122]
2270,[1005186  909894  985119 1048462  831536]
2271,[1058997  909894  995242  993638  986912]
2272,[1040807 1037863  940947  826249  821083]
2273,[ 976065 1110793  862139 1041796 5568378]
2274,[1009449 1101010  971922 8205218 1014948]
2275,[ 861272 1092026  986947 1053690  883404]
2276,[989101 908531 849843 909894 856252]
2277,[1053690  879755  999971  882441 1097001]
2278,[ 951412 1055863  863447 1055646 1058997]
2279,[ 844165  868764  861272 8090537 8090536]
2280,[1070820  862349 5569230 1101010  933835]
2281,[1126899  970030 1058997 6034857  913210]
2282,[1119051  903325  862349 1068719]
2283,[1106523 8090537 1055646  899624  844179]
2284,[ 866227  872137  951412  824005 1126899]
2285,[1058997  824005  857503  970030  903325]
2287,[1029743  938566 1077490  854852 1082185]
2288,[1126899  976998  840361 1082185  861445]
2289,[ 913210 1039156  925514  883404 1029743]
2290,[ 949616 1029743  962229  987480]
2291,[1138189  952317 1098066  986912]
2292,[ 916767  882441 1132770 1120741 1039156]
2293,[1082185 6534178 1070820]
2294,[ 860776  923746  865330  855468 1132771]
2295,[ 911812  859075 1068719 1106523  854405]
2296,[1070015  933835  913210  900802 1029743]
2297,[1009449 1051516 1041259 1082185  834484]
2298,[ 871756  910032  856252 1030819  923746]
2299,[6602697  986947 1041259 1114597 1026118]
2300,[ 999104 1029743 5568729  995242  929668]
2301,[1132770 5592931  835098  865456  871756]
2302,[1048462  995785  995242  908531  849843]
2303,[ 908531 1029743  933835  903325  840361]
2305,[5584007  983584 1056509  999104  908531]
2307,[ 849843  883003  933835 1112238 1138443]
2308,[ 834484 1112238  862349  854852  908846]
2310,[1070015 1132770  909894  844165 1101173]
2312,[1070820  862349  903325 1005186 1110843]
2314,[951412 916993 908846 985999 970030]
2315,[ 916122  981760 1082185 6534178 1029743]
2317,[ 933835  944836  971922  825541 1028816]
2319,[1022003 1037840 1065593 1081177  913202]
2322,[6534166  909714 1051516  986947 1127831]
2323,[6534178 1095275  870780 1076875]
2324,[1057260  825541  909714  961554  995242]
2325,[1082185 6534178 1029743  995242 1106523]
2328,[ 944836 1106523 1127831  916122  824005]
2330,[8090536  885290  976065 1082185  970030]
2331,[ 856252  859075  833025 6534178  908531]
2333,[862349 923746 860975]
2334,[1036501  951590 1029743 5568378 1065593]
2335,[1053690 1077555  995242 1065593  867188]
2336,[ 861272  833025 5568378  918368 1029743]
2337,[1120741  820165  999971 1133018 1110572]
2338,[ 890695 1106523 1133018 1119051 1039156]
2339,[ 879755 1033615 1101010  986912  985119]
2340,[1033142 5585635 5588666 6534178 8090521]
2341,[ 844165  893501 1065593 1106523  833025]
2342,[5587133  901062 6534178  995242  990797]
2343,[6534178  861272  916122 1133018 6533765]
2344,[1038217  962568 1000753  834484 1106523]
2345,[ 962229  916767 5569230  983584 1053763]
2347,[8090521  994928 1101173  995242 1122358]
2349,[ 862349  994928  843756 1070820]
2350,[ 951590  910032 9527290 1132771 1085604]
2351,[ 821083 1089392  909714 1056651 1116821]
2352,[1133018 1051516  824005  909714]
2354,[1126899  970119  913210  970030  860776]
2359,[ 879755 1106523 1037894  883404 1075470]
2360,[ 909714  824005 5568729  976998  883003]
2361,[ 1126899   981760   897125 12810393   822407]
2363,[1070820 1033142 1082185]
2364,[ 910032 1082185 6534178 1029743  995242]
2366,[ 995242  913210 6534178  826249  859010]
2368,[1107553 1077555  868764 1056509 1076875]
2369,[12263788   916381   951590  6534178  1053690]
2370,[1070015  862349 1070820 1009449  970119]
2372,[8090532  927191  995965  860975 1037840]
2373,[1404121 1128016 1062966 1133018  859075]
2374,[1070820  908531 1048462  872137 1041796]
2375,[1036501 1133018  923746  900802  883932]
2376,[1091365 6534178 1082212 1014948  845208]
2377,[ 989101 1096036  995242  847789 1055646]
2378,[ 883404  874736 1053690  860776  933835]
2379,[1058997 1002558  854405  860776]
2380,[1122358 1132770  995242 6534178 1029743]
2381,[1065593 1133018  849843  890695  922907]
2385,[6533765 6534178 1068719 1029743  833715]
2386,[6534178  962568 1082185]
2387,[940947 962229 911812 900802 914190]
2388,[1085604  890695  933835 1096036 1106523]
2389,[1029743  995785  995242  937292  883404]
2392,[6533765  965766 1053763 1050131 1133018]
2393,[1057260  903325  995965  863447  913210]
2394,[1096317  826249 5569327 1037894  908318]
2395,[5569230 1041157  923746  993638 1062966]
2397,[ 883932  911812  861272 1137775 1082185]
2399,[ 849843 1039156 1085604  993638 1102949]
2400,[6534166 6533765  947798 1005186  909894]
2401,[1119051  912681 1026118 1106523 1133018]
2404,[1110572 1126899 5668996  927191  961554]
2405,[6602697 6533765 1082212 6534178  916381]
2406,[1126899 5569374 1053690 1022254  987562]
2407,[6533889 1039156  826249 5585635 5590287]
2408,[ 908318  962229 1056509 1138443  834484]
2410,[1106523 1136257 1026118 1065593  995785]
2412,[ 844165 1122358 1092026 1053690 1106523]
2416,[ 994928  914190  859075  899624 6534178]
2418,[1005186 1029743 1022003 1074524  866227]
2420,[1070015  951590 1022003 6533765  944534]
2421,[1126899 1058997  903325  885290 1040807]
2424,[ 916993 1022003 6034857 1038217  962229]
2425,[6533889  999104 1028816 6534178 1070820]
2426,[ 844165  995242 1029743 1044078 6534178]
2427,[ 908318  856252 6534178  929668  981760]
2429,[1076875  899624  861445  833025  866140]
2431,[ 912681 1022254  878302 9526886 7167218]
2434,[ 1033615  1096036  1069621 12301109   937292]
2435,[ 908531 1105623  983584  995242  899624]
2437,[1070820  901062 8090536  866211  820165]
2438,[5703832  861272 1058997  824005 1096317]
2439,[1058997  908531  983584 1126899]
2440,[1070015 6533765 1043590 1074524 1133018]
2441,[ 908531 1023958  995242 1077555 1029743]
2442,[1126899  849843 5592931  866211 1082185]
2445,[1110572  868764  995242  882441 1039156]
2446,[6533889 1426702 1044805  834484  936594]
2447,[1107553  868764 1058997 5584027 9705473]
2448,[1106523 1133018  951590  993638  835098]
2449,[1058997  872137  861272 1126899  824005]
2450,[1070820  862349  860975  824005 6534178]
2451,[1058997 1051516 1126899 1022254 1117514]
2452,[ 985119  844165 1033615  879755 1037863]
2453,[1095275 1070820 1053690 1005186 1110843]
2455,[1029743  883404  933835  965766 1110572]
2456,[1058997  951412  823758 1126899]
2457,[ 901062 1133018 1106523  916381  953476]
2458,[1058997  968215  965842  970030 1127831]
2459,[ 839849 1029743 6534178 1110572  995242]
2460,[1091365 5569230 1101173 5568378  907631]
2461,[ 909714  861272  916993  879528 1003600]
2462,[ 901062 6034857  961554  903325 1065593]
2464,[1404121 1082212 1070820  847270 1003600]
2465,[ 986912 1052912 6534178  994928 1039156]
2466,[1029743  859075  951190]
2467,[1126899 1058997 1036501 8090536  825541]
2470,[ 821083 1039156 9553031  910291  883932]
2471,[1058997 1126899  923746  995242]
2472,[ 970030 1122358  986912 1005186 5569374]
2475,[5569471 1070820  971922  862349 1039156]
2477,[1058997 1119051  844165 1076875  825541]
2478,[1005186 1137775  849843 1133018 1001148]
2479,[ 909714  951590 1101010 1106523  933835]
2481,[1132771 1029743 1056509  844165 6534178]
2482,[1106523  999971 1038217 1004906 1043590]
2483,[ 849843  995242 1070820 1082185  911470]
2484,[1106301  976998  927191  834117  883404]
2485,[1051069  893501 5569471  927191  879755]
2486,[ 870780 1022003 1091365 8090521 1133018]
2488,[1119051 5569374  862349  933835  861272]
2489,[ 1068719 12263788  1022003   965842  1137688]
2492,[6533765  933835 1003188 1065593 1106523]
2494,[ 862349  840361  995965  971922 1082185]
2496,[1056509 5569230  995965  995876  916122]
2497,[870515 860776 995785 900802 834484]
2498,[1070820 1053690  961554 1080414 1106523]
2499,[1070820  999971 5569327 5568378  947798]
2500,[1058997 1077555 1056509  854405 6534178]
